Rank,Title,Year,Age_Rating,Genre,Director,Average_Rating,Similarity_Score
1,the da vinci code,2006,pg-13,thriller,ron howard,5.1,1.0
2,angels  demons,2009,pg-13,thriller,ron howard,5.45,0.8119
3,inferno,2016,pg-13,mystery,ron howard,4.7,0.8016
4,far and away,1992,pg-13,romance,ron howard,5.825,0.7528
5,2012,2009,pg-13,action,roland emmerich,5.125,0.7498
6,jurassic world dominion,2022,pg-13,science fiction,colin trevorrow,4.75,0.7497
7,the league of extraordinary gentlemen,2003,pg-13,science fiction,stephen norrington,4.1,0.7452
8,troy,2004,r,war,wolfgang petersen,6.35,0.7447
9,flyboys,2006,pg-13,war,tony bill,5.3,0.7443
10,transformers dark of the moon,2011,pg-13,science fiction,michael bay,5.025,0.7439
11,the amazing spider man 2,2014,pg-13,action,marc webb,5.85,0.7436
12,national treasure,2004,pg,action,jon turteltaub,5.525,0.7433
13,insurgent,2015,pg-13,thriller,robert schwentke,4.925000000000001,0.7431
14,elvis,2022,pg-13,drama,baz luhrmann,7.225,0.742
15,assassins creed,2016,pg-13,science fiction,justin kurzel,4.125,0.7406
16,the batman,2022,pg-13,thriller,matt reeves,7.8,0.7399
17,the hobbit an unexpected journey,2012,pg-13,action,peter jackson,6.85,0.7396
18,the bounty hunter,2010,pg-13,romance,andy tennant,3.725,0.7391
19,backdraft,1991,r,thriller,ron howard,6.125,0.7391
20,fifty shades darker,2017,r,drama,james foley,3.875,0.739
21,the mummy,2017,pg-13,thriller,alex kurtzman,3.95,0.7377
22,holmes  watson,2018,pg-13,mystery,etan cohen,2.9,0.7375
23,star wars episode i   the phantom menace,1999,pg,science fiction,george lucas,5.85,0.7375
24,deep impact,1998,pg-13,action,mimi leder,5.225,0.7369
25,end of days,1999,r,fantasy,peter hyams,4.074999999999999,0.7368
26,transformers,2007,pg-13,science fiction,michael bay,6.425,0.7365
27,gone in sixty seconds,2000,pg-13,thriller,dominic sena,4.75,0.7364
28,couples retreat,2009,pg-13,romance,peter billingsley,3.6,0.7363
29,star wars episode ii   attack of the clones,2002,pg,action,george lucas,6.275,0.7363
30,the smurfs 2,2013,pg,comedy,raja gosnell,3.975,0.736
31,the expendables 3,2014,pg-13,thriller,patrick hughes,4.75,0.7359
32,vampires suck,2010,pg-13,fantasy,"jason friedberg, aaron seltzer",2.475,0.7354
33,valentines day,2010,pg-13,comedy,garry marshall,4.2,0.7353
34,zookeeper,2011,pg,romance,frank coraci,3.75,0.7352
35,lara croft tomb raider   the cradle of life,2003,pg-13,thriller,jan de bont,4.475,0.7352
36,grown ups 2,2013,pg-13,comedy,dennis dugan,3.55,0.7351
37,exodus gods and kings,2014,pg-13,action,ridley scott,5.025,0.7349
38,exorcist the beginning,2004,r,mystery,renny harlin,3.65,0.7348
39,allegiant,2016,pg-13,mystery,robert schwentke,4.05,0.7348
40,national treasure book of secrets,2007,pg,thriller,jon turteltaub,5.3,0.7347
41,kingsman the golden circle,2017,r,action,matthew vaughn,5.8,0.7346
42,the twilight saga breaking dawn   part 1,2011,pg-13,fantasy,bill condon,4.550000000000001,0.7344
43,beverly hills cop iii,1994,r,crime,john landis,3.5,0.7339
44,killers of the flower moon,2023,r,drama,martin scorsese,8.3,0.7338
45,the mummy returns,2001,pg-13,fantasy,stephen sommers,5.55,0.7336
46,transformers revenge of the fallen,2009,pg-13,action,michael bay,4.4,0.7335
47,striptease,1996,r,crime,andrew bergman,3.8,0.7333
48,congo,1995,pg-13,science fiction,frank marshall,3.825,0.7331
49,the dark knight rises,2012,pg-13,action,christopher nolan,8.175,0.733
50,fantastic beasts the secrets of dumbledore,2022,pg-13,fantasy,david yates,5.55,0.733
51,aquaman,2018,pg-13,action,james wan,6.45,0.7329
52,batman forever,1995,pg-13,action,joel schumacher,5.0,0.7326
53,i now pronounce you chuck  larry,2007,pg-13,comedy,dennis dugan,4.3,0.7323
54,terminator genisys,2015,pg-13,action,alan taylor,4.65,0.7323
55,now you see me 2,2016,pg-13,crime,jon m. chu,5.3,0.732
56,spectre,2015,pg-13,thriller,sam mendes,6.4,0.7317
57,sex and the city,2008,r,comedy,michael patrick king,5.65,0.7316
58,the hobbit the desolation of smaug,2013,pg-13,fantasy,peter jackson,7.35,0.7314
59,the lost world jurassic park,1997,pg-13,action,steven spielberg,6.075,0.7312
60,baywatch,2017,r,crime,seth gordon,4.275,0.7307
61,fools gold,2008,pg-13,romance,andy tennant,3.85,0.7305
62,just go with it,2011,pg-13,romance,dennis dugan,4.575,0.7304
63,no time to die,2021,pg-13,thriller,cary joji fukunaga,7.45,0.7303
64,abduction,2011,pg-13,mystery,john singleton,3.5,0.7301
65,die another day,2002,pg-13,action,lee tamahori,5.8,0.73
66,the day after tomorrow,2004,pg-13,action,roland emmerich,5.55,0.7298
67,taken 3,2014,pg-13,action,olivier megaton,4.05,0.7296
68,eat pray love,2010,pg-13,romance,ryan murphy,5.125,0.7294
69,the wandering earth ii,2023,nr,science fiction,frant gwo,6.9750000000000005,0.7293
70,lost in space,1998,pg-13,science fiction,stephen hopkins,4.375,0.7292
71,pixels,2015,pg-13,science fiction,chris columbus,3.95,0.7291
72,divergent,2014,pg-13,action,neil burger,5.6,0.7287
73,maze runner the scorch trials,2015,pg-13,action,wes ball,5.55,0.7286
74,cocktail,1988,r,drama,roger donaldson,3.5250000000000004,0.7286
75,black panther wakanda forever,2022,pg-13,action,ryan coogler,7.225,0.7286
76,the phantom of the opera,2004,pg-13,drama,joel schumacher,5.45,0.7285
77,harry potter and the chamber of secrets,2002,pg,fantasy,chris columbus,7.399999999999999,0.7285
78,the twilight saga eclipse,2010,pg-13,fantasy,david slade,5.425,0.7283
79,planet of the apes,2001,pg-13,action,tim burton,5.2,0.7281
80,the wolf of wall street,2013,r,drama,martin scorsese,7.9,0.7279
81,sliver,1993,r,thriller,phillip noyce,4.05,0.7279
82,harry potter and the half blood prince,2009,pg,fantasy,david yates,7.85,0.7277
83,the mummy tomb of the dragon emperor,2008,pg-13,action,rob cohen,3.775,0.7277
84,pirates of the caribbean at worlds end,2007,pg-13,action,gore verbinski,5.925,0.7277
85,big mommas house 2,2006,pg-13,crime,john whitesell,3.625,0.7276
86,meet the fockers,2004,pg-13,comedy,jay roach,5.1,0.7272
87,men in black international,2019,pg-13,comedy,f. gary gray,4.4,0.7272
88,perfect stranger,2007,r,mystery,james foley,3.875,0.7272
89,xxx,2002,pg-13,action,rob cohen,5.325,0.7272
90,the green hornet,2011,pg-13,action,michel gondry,4.95,0.7267
91,the messenger the story of joan of arc,1999,r,war,luc besson,5.325,0.7263
92,ghost rider,2007,pg-13,action,mark steven johnson,4.3,0.7262
93,warcraft,2016,pg-13,action,duncan jones,4.800000000000001,0.7261
94,hulk,2003,pg-13,science fiction,ang lee,5.725,0.726
95,godzilla king of the monsters,2019,pg-13,action,michael dougherty,5.425,0.726
96,big mommas like father like son,2011,pg-13,crime,john whitesell,3.175,0.7258
97,vanilla sky,2001,r,thriller,cameron crowe,5.6,0.7257
98,king arthur,2004,pg-13,war,antoine fuqua,5.05,0.7257
99,point break,2015,pg-13,crime,ericson core,3.95,0.7255
100,sex and the city 2,2010,r,romance,michael patrick king,3.725,0.7253
101,man of steel,2013,pg-13,action,zack snyder,6.225,0.7251
102,the day the earth stood still,2008,pg-13,thriller,scott derrickson,4.3,0.7249
103,little fockers,2010,pg-13,comedy,paul weitz,3.675,0.7248
104,dragonfly,2002,pg-13,mystery,tom shadyac,3.95,0.7247
105,batman v superman dawn of justice,2016,pg-13,action,zack snyder,4.95,0.7245
106,transformers age of extinction,2014,pg-13,action,michael bay,4.125,0.7244
107,the emoji movie,2017,pg,comedy,tony leondis,2.6500000000000004,0.7241
108,the mortal instruments city of bones,2013,pg-13,mystery,harald zwart,4.2,0.7239
109,independence day,1996,pg-13,action,roland emmerich,6.65,0.7238
110,morbius,2022,pg-13,science fiction,daniel espinosa,4.025,0.7237
111,maze runner the death cure,2018,pg-13,science fiction,wes ball,5.675,0.7236
112,guardians of the galaxy vol 3,2023,pg-13,science fiction,james gunn,7.625,0.7235
113,the ring two,2005,pg-13,thriller,hideo nakata,4.4,0.7235
114,what lies beneath,2000,pg-13,drama,robert zemeckis,5.7,0.7235
115,killers,2010,pg-13,romance,robert luketic,3.65,0.7234
116,cats,2019,pg,fantasy,tom hooper,3.0,0.7232
117,star wars the last jedi,2017,pg-13,action,rian johnson,7.8,0.7231
118,amsterdam,2022,r,mystery,david o. russell,5.05,0.7229
119,knowing,2009,pg-13,mystery,alex proyas,5.0,0.7228
120,hannibal rising,2007,r,horror,peter webber,4.35,0.7228
121,the hunger games mockingjay   part 2,2015,pg-13,science fiction,francis lawrence,6.75,0.7227
122,nutty professor ii the klumps,2000,pg-13,romance,peter segal,4.0,0.7227
123,kingdom of heaven,2005,r,action,ridley scott,6.125,0.7226
124,paycheck,2003,pg-13,thriller,john woo,4.875,0.7226
125,sahara,2005,pg-13,mystery,breck eisner,4.95,0.7226
126,robin hood,2018,pg-13,fantasy,otto bathurst,3.95,0.7225
127,king kong,2005,pg-13,drama,peter jackson,7.65,0.7225
128,staying alive,1983,pg,music,sylvester stallone,3.2,0.7224
129,jaws 3 d,1983,pg,horror,joe alves,3.0,0.7223
130,ghost rider spirit of vengeance,2011,pg-13,fantasy,"mark neveldine, brian taylor",3.625,0.7222
131,mojin the lost legend,2015,pg-13,fantasy,wuershan,5.625,0.7219
132,one missed call,2008,pg-13,mystery,eric valette,2.95,0.7218
133,the patriot,2000,r,drama,roland emmerich,6.725,0.7217
134,lethal weapon 4,1998,r,action,richard donner,5.525,0.7215
135,the bodyguard,1992,r,drama,mick jackson,5.2,0.7215
136,the flowers of war,2011,r,war,yimou zhang,5.925,0.7212
137,8mm,1999,r,mystery,joel schumacher,4.35,0.7211
138,transcendence,2014,pg-13,science fiction,wally pfister,4.575,0.721
139,fast  furious presents hobbs  shaw,2019,pg-13,comedy,david leitch,6.525,0.721
140,red sparrow,2018,r,thriller,francis lawrence,5.725,0.721
141,watchmen,2009,r,science fiction,zack snyder,6.75,0.7209
142,white house down,2013,pg-13,thriller,roland emmerich,5.8,0.7208
143,noah,2014,pg-13,drama,darren aronofsky,6.45,0.7208
144,the world is not enough,1999,pg-13,action,michael apted,5.875,0.7207
145,geostorm,2017,pg-13,science fiction,dean devlin,3.825,0.7207
146,aladdin,2019,pg,romance,guy ritchie,6.25,0.7204
147,oceans twelve,2004,pg-13,crime,steven soderbergh,6.1,0.7203
148,a good day to die hard,2013,r,action,john moore,3.7,0.7203
149,san andreas,2015,pg-13,thriller,brad peyton,5.35,0.7202
150,eagle eye,2008,pg-13,thriller,d.j. caruso,5.025,0.7202
151,the generals daughter,1999,r,thriller,simon west,4.9,0.7202
152,winters tale,2014,pg-13,mystery,akiva goldsman,4.175,0.7201
153,the smurfs,2011,pg,comedy,raja gosnell,4.075,0.72
154,passengers,2016,pg-13,science fiction,morten tyldum,5.275,0.7199
155,the monuments men,2014,pg-13,war,george clooney,5.1,0.7199
156,the kings man,2021,r,thriller,matthew vaughn,5.425,0.7199
157,army of the dead,2021,r,horror,zack snyder,6.1,0.7198
158,the 5th wave,2016,pg-13,science fiction,j blakeson,4.025,0.7197
159,silent hill,2006,r,mystery,christophe gans,4.85,0.7197
160,the bourne legacy,2012,pg-13,action,tony gilroy,6.125,0.7196
161,xxx state of the union,2005,pg-13,crime,lee tamahori,3.725,0.7195
162,waterworld,1995,pg-13,action,kevin reynolds,5.675,0.7195
163,windtalkers,2002,r,war,john woo,5.175,0.7193
164,vertical limit,2000,pg-13,thriller,martin campbell,5.4,0.7192
165,robin hood prince of thieves,1991,pg-13,drama,kevin reynolds,6.0,0.7192
166,book of shadows blair witch 2,2000,r,horror,joe berlinger,2.8,0.7192
167,identity thief,2013,r,crime,seth gordon,4.275,0.7191
168,the jackal,1997,r,thriller,michael caton-jones,4.7,0.719
169,the huntsman winters war,2016,pg-13,drama,cedric nicolas-troyan,4.475,0.719
170,gi joe retaliation,2013,pg-13,action,jon m. chu,4.574999999999999,0.719
171,solo a star wars story,2018,pg-13,science fiction,ron howard,6.65,0.719
172,suicide squad,2016,pg-13,fantasy,david ayer,4.6,0.719
173,harry potter and the goblet of fire,2005,pg-13,fantasy,mike newell,8.1,0.7188
174,doom,2005,r,horror,andrzej bartkowiak,3.875,0.7187
175,bewitched,2005,pg-13,romance,nora ephron,3.9,0.7186
176,are we there yet,2005,pg,romance,brian levant,3.55,0.7185
177,snow white and the huntsman,2012,pg-13,drama,rupert sanders,5.65,0.7184
178,the beach,2000,r,romance,danny boyle,4.875,0.7184
179,midway,2019,pg-13,war,roland emmerich,5.675,0.7184
180,clash of the titans,2010,pg-13,action,louis leterrier,4.575,0.7184
181,the chronicles of riddick,2004,pg-13,science fiction,david twohy,4.925,0.7182
182,be cool,2005,pg-13,crime,f. gary gray,4.45,0.7179
183,oz the great and powerful,2013,pg,fantasy,sam raimi,5.55,0.7179
184,the lone ranger,2013,pg-13,action,gore verbinski,4.825,0.7179
185,the last witch hunter,2015,pg-13,horror,breck eisner,4.275,0.7178
186,the 6th day,2000,pg-13,mystery,roger spottiswoode,5.2,0.7175
187,dragon blade,2015,r,fantasy,daniel lee,5.0,0.7175
188,valerian and the city of a thousand planets,2017,pg-13,action,luc besson,5.7,0.7174
189,the revenant,2015,r,drama,alejandro g. iñárritu,7.725,0.7173
190,last action hero,1993,pg-13,fantasy,john mctiernan,5.4,0.7173
191,fast  furious 6,2013,pg-13,thriller,justin lin,6.75,0.717
192,avp alien vs predator,2004,pg-13,horror,paul w.s. anderson,4.15,0.7169
193,cold creek manor,2003,r,mystery,mike figgis,3.825,0.7169
194,meet joe black,1998,pg-13,fantasy,martin brest,5.85,0.7168
195,gemini man,2019,pg-13,thriller,ang lee,4.625,0.7165
196,season of the witch,2011,pg-13,fantasy,dominic sena,3.7,0.7165
197,autumn in new york,2000,pg-13,romance,joan chen,4.025,0.7161
198,the fog,2005,pg-13,mystery,rupert wainwright,2.825,0.7161
199,mona lisa smile,2003,pg-13,romance,mike newell,5.325,0.716
200,the matrix resurrections,2021,r,science fiction,lana wachowski,6.175,0.7159
201,basic instinct 2,2006,r,mystery,michael caton-jones,3.15,0.7159
202,a view to a kill,1985,pg,thriller,john glen,5.025,0.7158
203,little man,2006,pg-13,crime,keenen ivory wayans,3.55,0.7158
204,man on fire,2004,r,thriller,tony scott,5.925,0.7156
205,the tourist,2010,pg-13,thriller,florian henckel von donnersmarck,4.475,0.7154
206,captain corellis mandolin,2001,r,war,john madden,4.575,0.7153
207,you me and dupree,2006,pg-13,romance,"anthony russo, joe russo",4.449999999999999,0.7153
208,ready player one,2018,pg-13,science fiction,steven spielberg,7.15,0.7152
209,the chronicles of narnia the lion the witch and the wardrobe,2005,pg,fantasy,andrew adamson,7.25,0.7151
210,taxi,2004,pg-13,crime,tim story,3.45,0.7151
211,the saint,1997,pg-13,romance,phillip noyce,5.075,0.715
212,interstellar,2014,pg-13,drama,christopher nolan,7.95,0.715
213,red riding hood,2011,pg-13,horror,catherine hardwicke,3.825,0.715
214,transformers the last knight,2017,pg-13,science fiction,michael bay,3.9,0.715
215,the hunger games catching fire,2013,pg-13,action,francis lawrence,7.875,0.7149
216,the heartbreak kid,2007,r,romance,"bobby farrelly, peter farrelly",4.75,0.7148
217,jack reacher never go back,2016,pg-13,thriller,edward zwick,5.15,0.7147
218,aliens vs predator requiem,2007,r,science fiction,"colin strause, greg strause",3.475,0.7144
219,88 minutes,2007,r,mystery,jon avnet,3.475,0.7144
220,shazam fury of the gods,2023,pg-13,fantasy,david f. sandberg,5.5,0.7142
221,crocodile dundee ii,1988,pg,comedy,john cornell,4.125,0.714
222,alex cross,2012,pg-13,mystery,rob cohen,3.625,0.7139
223,star wars episode iii   revenge of the sith,2005,pg-13,action,george lucas,7.449999999999999,0.7138
224,grown ups,2010,pg-13,comedy,dennis dugan,4.1,0.7138
225,original sin,2001,r,mystery,michael cristofer,4.15,0.7137
226,bicentennial man,1999,pg,science fiction,chris columbus,5.525,0.7136
227,sucker punch,2011,pg-13,fantasy,zack snyder,4.45,0.7136
228,tenet,2020,pg-13,science fiction,christopher nolan,7.1,0.7133
229,mr  mrs smith,2005,pg-13,drama,doug liman,6.175,0.7133
230,the lovely bones,2009,pg-13,fantasy,peter jackson,5.25,0.7133
231,seven pounds,2008,pg-13,drama,gabriele muccino,5.35,0.7133
232,us marshals,1998,pg-13,crime,stuart baird,5.2,0.7128
233,the amazing spider man,2012,pg-13,action,marc webb,6.825,0.7128
234,power rangers,2017,pg-13,science fiction,dean israelite,5.425,0.7126
235,i am number four,2011,pg-13,science fiction,d.j. caruso,4.775,0.7124
236,apollo 13,1995,pg,drama,ron howard,8.1,0.7122
237,the watch,2012,r,science fiction,akiva schaffer,4.125,0.7122
238,tron legacy,2010,pg,science fiction,joseph kosinski,5.825,0.7122
239,superman iii,1983,pg,science fiction,richard lester,4.45,0.712
240,jason bourne,2016,pg-13,action,paul greengrass,6.075,0.712
241,the curious case of benjamin button,2008,pg-13,drama,david fincher,7.4,0.7119
242,pirates of the caribbean the curse of the black pearl,2003,pg-13,action,gore verbinski,7.525,0.7119
243,the twilight saga breaking dawn   part 2,2012,pg-13,drama,bill condon,5.55,0.7119
244,the reaping,2007,r,horror,stephen hopkins,3.925,0.7117
245,mission impossible   dead reckoning part one,2023,pg-13,action,christopher mcquarrie,8.225,0.7116
246,spider man 3,2007,pg-13,science fiction,sam raimi,6.225,0.7116
247,charlies angels full throttle,2003,pg-13,action,mcg,4.825,0.7116
248,sherlock holmes a game of shadows,2011,pg-13,action,guy ritchie,6.325,0.7114
249,battleship,2012,pg-13,thriller,peter berg,4.8,0.7114
250,the holiday,2006,pg-13,romance,nancy meyers,6.1,0.7113
251,percy jackson  the olympians the lightning thief,2010,pg,fantasy,chris columbus,5.4,0.7111
252,night at the museum,2006,pg,fantasy,shawn levy,5.525,0.711
253,conspiracy theory,1997,r,thriller,richard donner,5.975,0.711
254,halloween resurrection,2002,r,horror,rick rosenthal,2.85,0.711
255,mission impossible   fallout,2018,pg-13,action,christopher mcquarrie,8.375,0.7109
256,gi joe the rise of cobra,2009,pg-13,thriller,stephen sommers,4.5,0.7109
257,max payne,2008,pg-13,crime,john moore,3.85,0.7108
258,alexander,2004,r,war,oliver stone,4.25,0.7107
259,mercury rising,1998,r,crime,harold becker,4.55,0.7106
260,oblivion,2013,pg-13,action,joseph kosinski,6.075,0.7106
261,the lord of the rings the two towers,2002,pg-13,fantasy,peter jackson,8.85,0.7105
262,ransom,1996,r,action,ron howard,6.7,0.7104
263,pirates of the caribbean dead men tell no tales,2017,pg-13,action,"joachim rønning, espen sandberg",5.025,0.7099
264,cinderella man,2005,pg-13,romance,ron howard,7.6,0.7099
265,102 dalmatians,2000,g,comedy,kevin lima,4.2,0.7098
266,batman  robin,1997,pg-13,action,joel schumacher,3.05,0.7097
267,wonder woman,2017,pg-13,fantasy,patty jenkins,7.85,0.7095
268,once upon a time in hollywood,2019,r,thriller,quentin tarantino,7.975,0.7094
269,contact,1997,pg,drama,robert zemeckis,6.975,0.7092
270,star trek the motion picture,1979,g,mystery,robert wise,5.775,0.7092
271,this means war,2012,pg-13,romance,mcg,4.525,0.709
272,i frankenstein,2014,pg-13,horror,stuart beattie,3.5,0.7087
273,fifty shades freed,2018,r,drama,james foley,3.85,0.7086
274,tomb raider,2018,pg-13,fantasy,roar uthaug,5.675,0.7086
275,the flash,2023,pg-13,action,andy muschietti,6.3,0.7085
276,mission impossible iii,2006,pg-13,action,j.j. abrams,6.825,0.7085
277,robocop,2014,pg-13,science fiction,josé padilha,5.55,0.7084
278,the longest yard,2005,pg-13,comedy,peter segal,5.275,0.7084
279,harlem nights,1989,r,crime,eddie murphy,4.125,0.7083
280,minority report,2002,pg-13,thriller,steven spielberg,7.95,0.7081
281,the horse whisperer,1998,pg-13,drama,robert redford,6.85,0.7081
282,the hunger games,2012,pg-13,fantasy,gary ross,7.4,0.708
283,harry potter and the order of the phoenix,2007,pg-13,fantasy,david yates,7.525,0.708
284,tomorrow never dies,1997,pg-13,thriller,roger spottiswoode,5.95,0.7079
285,rules of engagement,2000,r,war,william friedkin,5.2,0.7079
286,the fate of the furious,2017,pg-13,action,f. gary gray,6.45,0.7079
287,47 ronin,2013,pg-13,drama,carl rinsch,4.2,0.7078
288,john wick chapter 4,2023,r,thriller,chad stahelski,8.125,0.7078
289,olympus has fallen,2013,r,thriller,antoine fuqua,5.5,0.7078
290,blended,2014,pg-13,romance,frank coraci,4.5,0.7078
291,the hangover part iii,2013,r,comedy,todd phillips,4.275,0.7078
292,swat,2003,pg-13,crime,clark johnson,5.4,0.7075
293,uss indianapolis men of courage,2016,r,war,mario van peebles,4.0,0.7074
294,the hunger games mockingjay   part 1,2014,pg-13,thriller,francis lawrence,6.675,0.7073
295,made of honor,2008,pg-13,romance,paul weiland,4.375,0.7072
296,the pink panther 2,2009,pg,mystery,harald zwart,4.05,0.7071
297,death on the nile,2022,pg-13,thriller,kenneth branagh,6.025,0.707
298,the roommate,2011,pg-13,horror,christian e. christiansen,3.2,0.707
299,django unchained,2012,r,drama,quentin tarantino,8.375,0.7068
300,the rite,2011,pg-13,horror,mikael håfström,4.525,0.7068
301,space jam a new legacy,2021,pg,science fiction,malcolm d. lee,4.325,0.7066
302,ai artificial intelligence,2001,pg-13,science fiction,steven spielberg,7.075,0.7065
303,seventh son,2014,pg-13,fantasy,sergei bodrov,3.8,0.7065
304,tomorrowland,2015,pg,mystery,brad bird,5.9,0.7064
305,gangster squad,2013,r,crime,ruben fleischer,5.025,0.7063
306,phenomenon,1996,pg,drama,jon turteltaub,5.45,0.7062
307,fantastic beasts and where to find them,2016,pg-13,fantasy,david yates,7.125,0.7062
308,double jeopardy,1999,r,mystery,bruce beresford,4.975,0.7062
309,king arthur legend of the sword,2017,pg-13,drama,guy ritchie,5.125,0.7061
310,the ugly truth,2009,r,comedy,robert luketic,4.275,0.7061
311,railroad tigers,2016,nr,war,sheng ding,5.125,0.7061
312,spawn,1997,pg-13,horror,mark a.z. dippé,3.925,0.7061
313,scooby doo 2 monsters unleashed,2004,pg,fantasy,raja gosnell,4.25,0.7059
314,righteous kill,2008,r,crime,jon avnet,4.325,0.7058
315,guardians of the galaxy vol 2,2017,pg-13,science fiction,james gunn,7.6,0.7057
316,lara croft tomb raider,2001,pg-13,thriller,simon west,4.25,0.7057
317,wall street money never sleeps,2010,pg-13,crime,oliver stone,5.9,0.7057
318,bridget jones the edge of reason,2004,r,romance,beeban kidron,4.800000000000001,0.7055
319,bullet train,2022,r,thriller,david leitch,6.225,0.7055
320,twilight,2008,pg-13,fantasy,catherine hardwicke,5.5,0.7054
321,the karate kid,2010,pg,action,harald zwart,6.375,0.7054
322,eraser,1996,r,mystery,chuck russell,5.55,0.7053
323,all eyez on me,2017,r,music,benny boom,4.525,0.7051
324,the meg,2018,pg-13,action,jon turteltaub,5.325,0.7051
325,the girl with the dragon tattoo,2011,r,mystery,david fincher,7.725,0.705
326,furious 7,2015,pg-13,action,james wan,7.3,0.7049
327,the tuxedo,2002,pg-13,science fiction,kevin donovan,4.050000000000001,0.7049
328,indiana jones and the dial of destiny,2023,pg-13,action,james mangold,6.475,0.7049
329,eyes wide shut,1999,r,thriller,stanley kubrick,7.35,0.7048
330,a wrinkle in time,2018,pg,science fiction,ava duvernay,4.75,0.7048
331,maleficent mistress of evil,2019,pg,fantasy,joachim rønning,5.55,0.7047
332,jumanji the next level,2019,pg-13,fantasy,jake kasdan,6.65,0.7046
333,hereafter,2010,pg-13,fantasy,clint eastwood,5.75,0.7046
334,nine,2009,pg-13,music,rob marshall,5.025,0.7046
335,angel has fallen,2019,r,thriller,ric roman waugh,5.325,0.7045
336,american gangster,2007,r,drama,ridley scott,7.775,0.7045
337,mr deeds,2002,pg-13,romance,steven brill,4.075,0.7045
338,skyfall,2012,pg-13,thriller,sam mendes,8.075,0.7044
339,the godfather part iii,1990,r,thriller,francis ford coppola,6.925,0.7044
340,the pink panther,2006,pg,crime,shawn levy,4.35,0.7044
341,k 19 the widowmaker,2002,pg-13,mystery,kathryn bigelow,6.25,0.7043
342,the mexican,2001,r,crime,gore verbinski,5.425,0.7043
343,london has fallen,2016,r,thriller,babak najafi,4.425,0.7043
344,the other woman,2014,pg-13,comedy,nick cassavetes,4.75,0.7043
345,hes just not that into you,2009,pg-13,comedy,ken kwapis,5.475,0.7041
346,the exorcism of emily rose,2005,pg-13,thriller,scott derrickson,4.975,0.704
347,mirrors,2008,r,horror,alexandre aja,4.35,0.704
348,the great raid,2005,r,war,john dahl,5.475,0.7039
349,public enemies,2009,r,drama,michael mann,6.85,0.7039
350,resident evil afterlife,2010,r,action,paul w.s. anderson,4.425,0.7038
351,the rock,1996,r,action,michael bay,6.75,0.7037
352,the family man,2000,pg-13,fantasy,brett ratner,5.775,0.7036
353,pompeii,2014,pg-13,romance,paul w.s. anderson,4.45,0.7035
354,1941,1979,pg,war,steven spielberg,4.725,0.7035
355,the wolverine,2013,pg-13,science fiction,james mangold,6.575,0.7034
356,fast  furious,2009,pg-13,action,justin lin,5.175,0.7033
357,les misérables,2012,pg-13,drama,tom hooper,7.025,0.7033
358,cowboys  aliens,2011,pg-13,thriller,jon favreau,5.25,0.7032
359,2 fast 2 furious,2003,pg-13,action,john singleton,4.975,0.7032
360,glass,2019,pg-13,drama,m. night shyamalan,5.325,0.7031
361,pacific rim uprising,2018,pg-13,fantasy,steven s. deknight,5.075,0.7026
362,the sum of all fears,2002,pg-13,drama,phil alden robinson,5.8,0.7026
363,the predator,2018,r,science fiction,shane black,4.775,0.7025
364,die hard with a vengeance,1995,r,thriller,john mctiernan,6.65,0.7025
365,battle of the year,2013,pg-13,music,benson lee,3.825,0.7023
366,get rich or die tryin,2005,r,music,jim sheridan,4.625,0.7022
367,munich,2005,r,thriller,steven spielberg,7.45,0.7022
368,rogue one a star wars story,2016,pg-13,science fiction,gareth edwards,7.55,0.7021
369,avatar the way of water,2022,pg-13,action,james cameron,7.35,0.7021
370,the ninth gate,1999,r,horror,roman polanski,5.475,0.702
371,iron man 3,2013,pg-13,science fiction,shane black,7.025,0.7018
372,spice world,1997,pg,music,bob spiers,3.8,0.7017
373,what to expect when youre expecting,2012,pg-13,romance,kirk jones,4.525,0.7017
374,whitney houston i wanna dance with somebody,2022,pg-13,music,kasi lemmons,5.775,0.7017
375,immortals,2011,r,drama,tarsem singh,5.375,0.7016
376,the adventures of sharkboy and lavagirl,2005,pg,science fiction,robert rodriguez,3.7,0.7016
377,real steel,2011,pg-13,drama,shawn levy,6.425,0.7014
378,avengers endgame,2019,pg-13,science fiction,"anthony russo, joe russo",8.45,0.7014
379,the omen,2006,r,mystery,john moore,4.5,0.7014
380,mary shelleys frankenstein,1994,r,romance,kenneth branagh,5.45,0.7013
381,the passion of the christ,2004,r,drama,mel gibson,6.1,0.7013
382,fast five,2011,pg-13,crime,justin lin,7.225,0.7012
383,hitman agent 47,2015,r,crime,aleksander bach,3.8,0.7011
384,x2,2003,pg-13,action,bryan singer,7.425,0.7011
385,the princess diaries 2 royal engagement,2004,g,romance,garry marshall,4.85,0.7011
386,red tails,2012,pg-13,war,anthony hemingway,5.275,0.701
387,sherlock holmes,2009,pg-13,action,guy ritchie,6.85,0.701
388,teenage mutant ninja turtles,2014,pg-13,comedy,jonathan liebesman,4.225,0.7009
389,pulse,2006,pg-13,mystery,jim sonzero,3.45,0.7009
390,cold mountain,2003,r,romance,anthony minghella,7.1,0.7009
391,madeas witness protection,2012,pg-13,crime,tyler perry,4.3,0.7008
392,xxx return of xander cage,2017,pg-13,crime,d.j. caruso,5.025,0.7008
393,captain america the winter soldier,2014,pg-13,science fiction,"anthony russo, joe russo",7.85,0.7008
394,the last legion,2007,pg-13,war,doug lefler,4.05,0.7006
395,enemy of the state,1998,r,action,tony scott,7.025,0.7002
396,spider man homecoming,2017,pg-13,science fiction,jon watts,7.8,0.7002
397,dantes peak,1997,pg-13,drama,roger donaldson,4.875,0.7002
398,the mask of zorro,1998,pg-13,action,martin campbell,7.025,0.6999
399,evita,1996,pg,drama,alan parker,5.825,0.6997
400,godzilla,2014,pg-13,action,gareth edwards,6.625,0.6997
401,spider man far from home,2019,pg-13,action,jon watts,7.7,0.6997
402,terminator dark fate,2019,r,science fiction,tim miller,6.25,0.6996
403,the shack,2017,pg-13,fantasy,stuart hazeldine,4.75,0.6996
404,octopussy,1983,pg,thriller,john glen,5.825,0.6995
405,police academy 4 citizens on patrol,1987,pg,crime,jim drake,3.275,0.6995
406,jungle cruise,2021,pg-13,fantasy,jaume collet-serra,6.3,0.6994
407,mary poppins returns,2018,pg,comedy,rob marshall,6.925,0.6991
408,entrapment,1999,pg-13,mystery,jon amiel,5.475,0.699
409,indiana jones and the kingdom of the crystal skull,2008,pg-13,action,steven spielberg,6.6,0.699
410,constantine,2005,r,horror,francis lawrence,5.925,0.6989
411,the a team,2010,pg-13,crime,joe carnahan,5.65,0.6988
412,white noise,2005,pg-13,horror,geoffrey sax,3.7,0.6986
413,the dark knight,2008,pg-13,crime,christopher nolan,8.825,0.6985
414,terminator salvation,2009,pg-13,action,mcg,5.2,0.6985
415,bratz,2007,pg,music,sean mcnamara,2.975,0.6984
416,the martian,2015,pg-13,science fiction,ridley scott,8.2,0.6984
417,case 39,2009,r,mystery,christian alvart,4.3,0.6983
418,queen of the damned,2002,r,horror,michael rymer,4.025,0.6982
419,the grudge 2,2006,pg-13,horror,takashi shimizu,3.775,0.6982
420,percy jackson sea of monsters,2013,pg,fantasy,thor freudenthal,4.975,0.6981
421,doctor strange in the multiverse of madness,2022,pg-13,fantasy,sam raimi,6.9,0.6981
422,land of the lost,2009,pg-13,science fiction,brad silberling,4.125,0.6981
423,rrr,2022,nr,drama,s.s. rajamouli,8.35,0.698
424,disclosure,1994,r,crime,barry levinson,6.05,0.698
425,enemy at the gates,2001,r,war,jean-jacques annaud,6.4,0.6979
426,night at the museum battle of the smithsonian,2009,pg,fantasy,shawn levy,5.15,0.6979
427,hide and seek,2005,r,horror,john polson,4.225,0.6979
428,black widow,2021,pg-13,science fiction,cate shortland,7.125,0.6978
429,click,2006,pg-13,drama,frank coraci,5.15,0.6976
430,underworld evolution,2006,r,fantasy,len wiseman,4.65,0.6973
431,pathaan,2023,nr,thriller,siddharth anand,6.3,0.6971
432,chappie,2015,r,crime,neill blomkamp,5.225,0.6971
433,the break up,2006,pg-13,comedy,peyton reed,4.9,0.6971
434,star trek v the final frontier,1989,pg,science fiction,william shatner,4.45,0.697
435,the devils advocate,1997,r,mystery,taylor hackford,6.825,0.6967
436,john q,2002,pg-13,crime,nick cassavetes,4.949999999999999,0.6967
437,a time to kill,1996,r,thriller,joel schumacher,6.75,0.6965
438,the devil inside,2012,r,horror,william brent bell,2.825,0.6964
439,red 2,2013,pg-13,crime,dean parisot,5.55,0.6964
440,ted 2,2015,r,comedy,seth macfarlane,5.475,0.6964
441,sorority row,2009,r,mystery,stewart hendler,3.9,0.6963
442,pacific rim,2013,pg-13,action,guillermo del toro,6.875,0.6963
443,casino royale,2006,pg-13,thriller,martin campbell,8.25,0.6962
444,after earth,2013,pg-13,action,m. night shyamalan,3.625,0.6962
445,the island of dr moreau,1996,pg-13,horror,"john frankenheimer, richard stanley",3.875,0.6962
446,the hateful eight,2015,r,mystery,quentin tarantino,7.45,0.6961
447,war for the planet of the apes,2017,pg-13,war,matt reeves,8.05,0.6961
448,alvin and the chipmunks the road chip,2015,pg,music,walt becker,3.95,0.6961
449,dark shadows,2012,pg-13,fantasy,tim burton,5.325,0.696
450,miracle at st anna,2008,r,war,spike lee,4.8,0.6958
451,sleepers,1996,r,thriller,barry levinson,6.825,0.6958
452,boomerang,1992,r,romance,reginald hudlin,5.175,0.6957
453,dont worry darling,2022,r,mystery,olivia wilde,5.425,0.6956
454,batman begins,2005,pg-13,action,christopher nolan,7.85,0.6955
455,sister act 2 back in the habit,1993,pg,music,bill duke,4.45,0.6955
456,spider man no way home,2021,pg-13,action,jon watts,8.15,0.6955
457,the siege,1998,r,thriller,edward zwick,5.6,0.6954
458,21,2008,pg-13,drama,robert luketic,5.475,0.6953
459,iron man 2,2010,pg-13,action,jon favreau,6.65,0.6952
460,deliver us from evil,2014,r,horror,scott derrickson,4.85,0.6952
461,the counselor,2013,r,crime,ridley scott,4.7,0.695
462,pan,2015,pg,fantasy,joe wright,4.475,0.695
463,what happens in vegas,2008,pg-13,comedy,tom vaughan,4.574999999999999,0.695
464,captain marvel,2019,pg-13,science fiction,"anna boden, ryan fleck",6.975,0.6949
465,its complicated,2009,r,romance,nancy meyers,6.125,0.6949
466,mission impossible   rogue nation,2015,pg-13,action,christopher mcquarrie,7.875,0.6948
467,gothika,2003,r,thriller,mathieu kassovitz,4.3,0.6948
468,heat,1995,r,drama,michael mann,8.025,0.6947
469,den of thieves,2018,r,crime,christian gudegast,5.7,0.6944
470,the chronicles of narnia the voyage of the dawn treader,2010,pg,fantasy,michael apted,5.725,0.6943
471,harry potter and the prisoner of azkaban,2004,pg,fantasy,alfonso cuarón,8.275,0.6942
472,alien covenant,2017,r,thriller,ridley scott,6.4,0.6941
473,along came a spider,2001,r,crime,lee tamahori,5.025,0.6941
474,executive decision,1996,r,thriller,stuart baird,6.3,0.6939
475,pride and glory,2008,r,mystery,gavin o'connor,5.25,0.6938
476,fantasy island,2020,pg-13,horror,jeff wadlow,3.425,0.6938
477,abraham lincoln vampire hunter,2012,r,fantasy,timur bekmambetov,4.800000000000001,0.6936
478,free state of jones,2016,r,war,gary ross,5.95,0.6935
479,prometheus,2012,r,science fiction,ridley scott,6.825,0.6933
480,alita battle angel,2019,pg-13,action,robert rodriguez,6.475,0.6933
481,underworld,2003,r,fantasy,len wiseman,5.275,0.6933
482,harts war,2002,r,war,gregory hoblit,5.9,0.6932
483,psycho,1998,r,mystery,gus van sant,4.625,0.6932
484,red cliff,2008,r,drama,john woo,7.65,0.6932
485,stigmata,1999,r,horror,rupert wainwright,4.375,0.6931
486,knight and day,2010,pg-13,comedy,james mangold,5.55,0.6927
487,jurassic world,2015,pg-13,action,colin trevorrow,6.675000000000001,0.6926
488,untraceable,2008,r,horror,gregory hoblit,4.300000000000001,0.6926
489,1911,2011,r,war,"tao hai, wei li, guoqiang tang",3.975,0.6925
490,live free or die hard,2007,pg-13,thriller,len wiseman,7.199999999999999,0.6925
491,youve got mail,1998,pg,romance,nora ephron,6.525,0.6922
492,big mommas house,2000,pg-13,comedy,raja gosnell,4.325,0.6922
493,hope floats,1998,pg-13,romance,forest whitaker,4.825,0.6922
494,the book of eli,2010,r,thriller,"albert hughes, allen hughes",5.9,0.692
495,how to lose a guy in 10 days,2003,pg-13,romance,donald petrie,5.5,0.6919
496,where the crawdads sing,2022,pg-13,romance,olivia newman,5.65,0.6919
497,jfk,1991,r,drama,oliver stone,7.800000000000001,0.6918
498,kingsman the secret service,2014,r,comedy,matthew vaughn,7.2,0.6915
499,scream 3,2000,r,horror,wes craven,5.35,0.6915
500,rv,2006,pg,romance,barry sonnenfeld,4.275,0.6914
501,we were soldiers,2002,r,war,randall wallace,6.775,0.6913
502,bad boys for life,2020,r,crime,"adil el arbi, bilall fallah",6.775,0.6913
503,rampage,2018,pg-13,action,brad peyton,5.55,0.6911
504,babylon ad,2008,pg-13,science fiction,mathieu kassovitz,3.625,0.6911
505,life as we know it,2010,pg-13,romance,greg berlanti,5.075,0.691
506,x men origins wolverine,2009,pg-13,science fiction,gavin hood,5.125,0.6909
507,dark phoenix,2019,pg-13,science fiction,simon kinberg,4.55,0.6908
508,nine months,1995,pg-13,romance,chris columbus,4.65,0.6908
509,burlesque,2010,pg-13,romance,steve antin,5.5,0.6907
510,halloween ii,2009,r,horror,rob zombie,4.05,0.6907
511,savages,2012,r,crime,oliver stone,5.925000000000001,0.6907
512,a star is born,1976,r,music,frank pierson,5.425,0.6906
513,john carter,2012,pg-13,action,andrew stanton,5.8,0.6905
514,hop,2011,pg,comedy,tim hill,4.45,0.6903
515,the flintstones,1994,pg,comedy,brian levant,4.1,0.6902
516,the golden compass,2007,pg-13,fantasy,chris weitz,5.375,0.6902
517,sgt peppers lonely hearts club band,1978,pg,music,michael schultz,3.1,0.69
518,blues brothers 2000,1998,pg-13,music,john landis,4.9,0.6899
519,rambo iii,1988,r,war,peter macdonald,4.925,0.6897
520,alvin and the chipmunks chipwrecked,2011,g,fantasy,mike mitchell,3.375,0.6897
521,the accountant,2016,r,thriller,gavin o'connor,6.199999999999999,0.6897
522,star trek into darkness,2013,pg-13,action,j.j. abrams,7.65,0.6895
523,the hangover part ii,2011,r,comedy,todd phillips,5.2,0.6894
524,stalingrad,2013,r,war,fedor bondarchuk,5.55,0.6893
525,never say never again,1983,pg,thriller,irvin kershner,6.525,0.6893
526,somethings gotta give,2003,pg-13,drama,nancy meyers,6.775,0.6891
527,stepmom,1998,pg-13,romance,chris columbus,6.025,0.689
528,respect,2021,pg-13,music,liesl tommy,6.574999999999999,0.6889
529,tora tora tora,1970,g,war,"richard fleischer, kinji fukasaku, toshio masuda",6.25,0.6889
530,star trek generations,1994,pg,thriller,david carson,5.825,0.6886
531,kong skull island,2017,pg-13,fantasy,jordan vogt-roberts,6.75,0.6884
532,moonraker,1979,pg,thriller,lewis gilbert,6.225,0.6884
533,a bridge too far,1977,pg,war,richard attenborough,6.7,0.6881
534,hostage,2005,r,crime,florent-emilio siri,5.175,0.6881
535,pain  gain,2013,r,crime,michael bay,5.525,0.688
536,saawariya,2007,pg,music,sanjay leela bhansali,4.8,0.6878
537,americas sweethearts,2001,pg-13,romance,joe roth,4.775,0.6877
538,white chicks,2004,pg-13,crime,keenen ivory wayans,4.6,0.6876
539,allied,2016,r,thriller,robert zemeckis,6.475,0.6875
540,lethal weapon 3,1992,r,comedy,richard donner,5.85,0.6874
541,the wiz,1978,g,music,sidney lumet,5.375,0.6874
542,fantastic four,2015,pg-13,science fiction,josh trank,3.075,0.6873
543,west side story,2021,pg-13,romance,steven spielberg,7.925,0.6873
544,prince of persia the sands of time,2010,pg-13,action,mike newell,5.375,0.6872
545,clear and present danger,1994,pg-13,action,phillip noyce,7.25,0.6872
546,the equalizer 2,2018,r,crime,antoine fuqua,5.925,0.6872
547,resident evil retribution,2012,r,horror,paul w.s. anderson,4.45,0.6872
548,gone girl,2014,r,mystery,david fincher,8.175,0.6872
549,outbreak,1995,r,thriller,wolfgang petersen,6.375,0.6872
550,confessions of a shopaholic,2009,pg,romance,p.j. hogan,4.675,0.6871
551,the deep,1977,pg,mystery,peter yates,5.125,0.687
552,american reunion,2012,r,comedy,"jon hurwitz, hayden schlossberg",5.6,0.6869
553,the sentinel,2006,pg-13,crime,clark johnson,5.1,0.6869
554,the legend of tarzan,2016,pg-13,action,david yates,5.025,0.6868
555,the living daylights,1987,pg,thriller,john glen,6.6,0.6868
556,jumanji welcome to the jungle,2017,pg-13,fantasy,jake kasdan,6.825,0.6867
557,the delta force,1986,r,war,menahem golan,4.175,0.6867
558,oceans thirteen,2007,pg-13,thriller,steven soderbergh,6.7,0.6867
559,doctor sleep,2019,r,horror,mike flanagan,7.025,0.6867
560,12 strong,2018,r,war,nicolai fuglsig,5.8,0.6866
561,air force one,1997,r,action,wolfgang petersen,6.75,0.6866
562,duplicity,2009,pg-13,crime,tony gilroy,6.35,0.6865
563,seabiscuit,2003,pg-13,drama,gary ross,7.325,0.6864
564,the unborn,2009,pg-13,mystery,david s. goyer,3.475,0.6864
565,edge of darkness,2010,r,mystery,martin campbell,5.95,0.6863
566,bad boys,1995,r,thriller,michael bay,5.5,0.6862
567,x men first class,2011,pg-13,science fiction,matthew vaughn,7.525,0.6862
568,sanctum,2011,r,thriller,alister grierson,4.775,0.6862
569,swordfish,2001,r,crime,dominic sena,4.625,0.6861
570,saw 3d,2010,r,crime,kevin greutert,3.7,0.6859
571,the children of huang shi,2008,r,war,roger spottiswoode,5.4,0.6859
572,get smart,2008,pg-13,thriller,peter segal,5.8,0.6857
573,murder on the orient express,2017,pg-13,crime,kenneth branagh,6.1,0.6855
574,inception,2010,pg-13,science fiction,christopher nolan,8.325,0.6854
575,the village,2004,pg-13,drama,m. night shyamalan,5.45,0.6854
576,miss congeniality,2000,pg-13,comedy,donald petrie,5.3,0.6854
577,mirror mirror,2012,pg,comedy,tarsem singh,5.275,0.6853
578,guardians of the galaxy,2014,pg-13,science fiction,james gunn,8.175,0.6852
579,war of the worlds,2005,pg-13,science fiction,steven spielberg,6.975,0.6851
580,logan,2017,r,drama,james mangold,8.225,0.6851
581,zodiac,2007,r,mystery,david fincher,8.025,0.685
582,jaws the revenge,1987,pg-13,horror,joseph sargent,2.2,0.685
583,sunshine,1999,r,war,istván szabó,7.15,0.685
584,thor the dark world,2013,pg-13,action,alan taylor,6.325,0.685
585,outlaws   for greater glory,2012,r,war,dean wright,4.725,0.6848
586,spy game,2001,r,crime,tony scott,6.675,0.6848
587,the fifth element,1997,pg-13,science fiction,luc besson,6.875,0.6847
588,american sniper,2014,r,action,clint eastwood,7.275,0.6846
589,captain america the first avenger,2011,pg-13,science fiction,joe johnston,7.125,0.6845
590,law abiding citizen,2009,r,crime,f. gary gray,5.2,0.6844
591,sonic the hedgehog 2,2022,pg,action,jeff fowler,6.4,0.6841
592,x men days of future past,2014,pg-13,science fiction,bryan singer,7.975,0.6838
593,valkyrie,2008,pg-13,drama,bryan singer,6.45,0.6835
594,the girl on the train,2016,r,crime,tate taylor,5.525,0.6832
595,the long kiss goodnight,1996,r,mystery,renny harlin,6.15,0.6831
596,darkness,2002,pg-13,horror,jaume balagueró,3.25,0.6831
597,hitch,2005,pg-13,comedy,andy tennant,6.449999999999999,0.6829
598,think like a man too,2014,pg-13,romance,tim story,4.55,0.6827
599,kate  leopold,2001,pg-13,fantasy,james mangold,5.575,0.6825
600,transformers rise of the beasts,2023,pg-13,science fiction,steven caple jr.,5.65,0.6825
601,batman returns,1992,pg-13,fantasy,tim burton,7.25,0.6825
602,stargate,1994,pg-13,science fiction,roland emmerich,5.875,0.6825
603,the next three days,2010,pg-13,crime,paul haggis,6.15,0.6823
604,unfaithful,2002,r,thriller,adrian lyne,6.175,0.6823
605,into the woods,2014,pg,comedy,rob marshall,6.4,0.6821
606,a few good men,1992,r,drama,rob reiner,7.45,0.682
607,forces of nature,1999,pg-13,romance,bronwen hughes,5.025,0.6819
608,maverick,1994,pg,drama,richard donner,6.725,0.6816
609,devotion,2022,pg-13,war,j.d. dillard,7.1,0.6816
610,shang chi and the legend of the ten rings,2021,pg-13,fantasy,destin daniel cretton,7.8,0.6815
611,the great wall,2016,pg-13,fantasy,yimou zhang,4.9,0.6815
612,ronin,1998,r,crime,john frankenheimer,6.975,0.6814
613,blade ii,2002,r,thriller,guillermo del toro,6.05,0.6814
614,goldeneye,1995,pg-13,action,martin campbell,7.15,0.6814
615,house at the end of the street,2012,pg-13,horror,mark tonderai,3.85,0.6814
616,shallow hal,2001,pg-13,romance,"bobby farrelly, peter farrelly",5.475,0.6813
617,shazam,2019,pg-13,comedy,david f. sandberg,7.525,0.6812
618,the legend of 1900,1998,r,music,giuseppe tornatore,6.925000000000001,0.6808
619,the aviator,2004,pg-13,drama,martin scorsese,7.75,0.6808
620,takers,2010,pg-13,crime,john luessenhop,4.925,0.6804
621,the last song,2010,pg,romance,julie anne robinson,4.65,0.6803
622,scarface,1983,r,crime,brian de palma,7.725,0.68
623,hitmans wifes bodyguard,2021,r,crime,patrick hughes,4.625,0.68
624,avengers age of ultron,2015,pg-13,science fiction,joss whedon,7.199999999999999,0.6799
625,new york new york,1977,pg,music,martin scorsese,6.325,0.6797
626,stomp the yard,2007,pg-13,music,sylvain white,4.875,0.6797
627,the net,1995,pg-13,mystery,irwin winkler,5.35,0.6796
628,bride wars,2009,pg,romance,gary winick,3.775,0.6796
629,romeo must die,2000,r,crime,andrzej bartkowiak,5.2,0.6795
630,black rain,1989,r,thriller,ridley scott,6.05,0.6793
631,country strong,2010,pg-13,music,shana feste,4.775,0.6791
632,joe dirt,2001,pg-13,mystery,dennie gordon,3.625,0.679
633,top gun maverick,2022,pg-13,drama,joseph kosinski,8.45,0.679
634,ghost in the shell,2017,pg-13,drama,rupert sanders,5.475,0.6787
635,the hitmans bodyguard,2017,r,crime,patrick hughes,5.7250000000000005,0.6787
636,for your eyes only,1981,pg,thriller,john glen,6.375,0.6787
637,the fast and the furious tokyo drift,2006,pg-13,drama,justin lin,5.225,0.6786
638,ghost ship,2002,r,horror,steve beck,3.95,0.6784
639,thor love and thunder,2022,pg-13,fantasy,taika waititi,6.15,0.6784
640,avengers infinity war,2018,pg-13,science fiction,"anthony russo, joe russo",7.975,0.6784
641,the expendables,2010,r,thriller,sylvester stallone,5.325,0.6783
642,overboard,2018,pg-13,romance,rob greenberg,4.8,0.6783
643,the girl who kicked the hornets nest,2009,r,mystery,daniel alfredson,6.425,0.6782
644,defiance,2008,r,war,edward zwick,6.375,0.6781
645,rob roy,1995,r,war,michael caton-jones,6.6,0.6779
646,27 dresses,2008,pg-13,romance,anne fletcher,5.3,0.6779
647,herbie fully loaded,2005,g,romance,angela robinson,4.85,0.6776
648,kiss the girls,1997,r,mystery,gary fleder,5.275,0.6776
649,licence to kill,1989,pg-13,thriller,john glen,6.7,0.6775
650,green lantern,2011,pg-13,science fiction,martin campbell,4.300000000000001,0.6775
651,bandits,2001,pg-13,crime,barry levinson,6.3,0.6775
652,ford v ferrari,2019,pg-13,action,james mangold,8.35,0.6774
653,elizabeth the golden age,2007,pg-13,romance,shekhar kapur,5.35,0.6773
654,i feel pretty,2018,pg-13,romance,"abby kohn, marc silverstein",5.1,0.6772
655,michael,1996,pg,fantasy,nora ephron,4.7,0.6772
656,the invisible,2007,pg-13,mystery,david s. goyer,4.5,0.6772
657,the forest,2016,r,horror,jason zada,3.6,0.6769
658,sound of freedom,2023,pg-13,drama,alejandro monteverde,6.4,0.6769
659,cold pursuit,2019,r,crime,hans petter moland,6.125,0.6769
660,spider man 2,2004,pg-13,science fiction,sam raimi,8.1,0.6768
661,iron man,2008,pg-13,action,jon favreau,8.2,0.6768
662,the fighting temptations,2003,pg-13,music,jonathan lynn,5.225,0.6765
663,300 rise of an empire,2014,r,war,noam murro,5.4,0.6765
664,the woman in black 2 angel of death,2014,pg-13,horror,tom harper,4.2,0.6764
665,wild wild west,1999,pg-13,science fiction,barry sonnenfeld,3.9,0.6764
666,planes,2013,pg,comedy,klay hall,4.525,0.6764
667,bridge of spies,2015,pg-13,thriller,steven spielberg,8.0,0.6762
668,black panther,2018,pg-13,science fiction,ryan coogler,8.275,0.6762
669,saw v,2008,r,thriller,david hackl,3.825,0.6762
670,jerry maguire,1996,r,drama,cameron crowe,7.625,0.676
671,superman,1978,pg,action,richard donner,8.0,0.6758
672,failure to launch,2006,pg-13,romance,tom dey,4.625,0.6757
673,space cowboys,2000,pg-13,thriller,clint eastwood,7.0,0.6751
674,alvin and the chipmunks,2007,pg,fantasy,tim hill,4.45,0.6748
675,speed 2 cruise control,1997,pg-13,thriller,jan de bont,2.825,0.6748
676,day watch,2006,r,horror,timur bekmambetov,6.15,0.6748
677,thor,2011,pg-13,action,kenneth branagh,6.8,0.6748
678,ant man,2015,pg-13,science fiction,peyton reed,7.25,0.6745
679,the international,2009,r,crime,tom tykwer,5.925,0.6744
680,strange magic,2015,pg,music,gary rydstrom,4.324999999999999,0.6744
681,for whom the bell tolls,1943,g,war,sam wood,6.625,0.6743
682,master and commander the far side of the world,2003,pg-13,drama,peter weir,7.825,0.6741
683,alien³,1992,r,science fiction,david fincher,5.775,0.674
684,the manchurian candidate,2004,r,mystery,jonathan demme,7.15,0.6737
685,think like a man,2012,pg-13,romance,tim story,5.95,0.6737
686,world war z,2013,pg-13,horror,marc forster,6.7,0.6736
687,zero dark thirty,2012,r,thriller,kathryn bigelow,8.25,0.6736
688,cheaper by the dozen,2003,pg,comedy,shawn levy,4.8,0.6735
689,riddick,2013,r,science fiction,david twohy,5.85,0.6735
690,the invasion,2007,pg-13,mystery,oliver hirschbiegel,4.6,0.6733
691,the talented mr ripley,1999,r,crime,anthony minghella,7.675,0.6733
692,flags of our fathers,2006,r,war,clint eastwood,7.375,0.6733
693,jeepers creepers 2,2003,r,horror,victor salva,4.5,0.6733
694,mamma mia,2008,pg-13,romance,phyllida lloyd,6.025,0.6731
695,special forces,2011,r,war,stéphane rybojad,4.375,0.673
696,de lovely,2004,pg-13,music,irwin winkler,5.725,0.673
697,dear john,2010,pg-13,war,lasse hallström,5.05,0.6729
698,ant man and the wasp,2018,pg-13,action,peyton reed,7.4,0.6729
699,after the sunset,2004,pg-13,crime,brett ratner,4.5,0.6728
700,days of thunder,1990,pg-13,drama,tony scott,5.575,0.6725
701,skiptrace,2016,pg-13,mystery,renny harlin,5.025,0.6724
702,a hidden life,2019,pg-13,war,terrence malick,7.625,0.6723
703,fury,2014,r,war,david ayer,7.275,0.6723
704,truth or dare,2018,pg-13,horror,jeff wadlow,4.025,0.6721
705,jack the giant slayer,2013,pg-13,fantasy,bryan singer,5.6,0.672
706,the secret life of walter mitty,2013,pg,comedy,ben stiller,6.275,0.6719
707,star trek beyond,2016,pg-13,action,justin lin,7.3,0.6717
708,the abyss,1989,pg-13,science fiction,james cameron,7.5,0.6717
709,sinister 2,2015,r,horror,ciarán foy,3.95,0.6715
710,godzilla x kong the new empire,2024,pg-13,action,adam wingard,5.825,0.6714
711,spider man,2002,pg-13,action,sam raimi,7.75,0.6713
712,journey to the west the demons strike back,2017,pg-13,fantasy,hark tsui,5.875,0.6712
713,return of the jedi,1983,pg,action,richard marquand,7.550000000000001,0.6711
714,six days seven nights,1998,pg-13,romance,ivan reitman,5.225,0.6709
715,hansel  gretel witch hunters,2013,r,horror,tommy wirkola,4.05,0.6708
716,the guns of navarone,1961,nr,war,j. lee thompson,7.8,0.6708
717,exit wounds,2001,r,crime,andrzej bartkowiak,4.675,0.6705
718,star trek,2009,pg-13,science fiction,j.j. abrams,8.225,0.6705
719,species,1995,r,horror,roger donaldson,5.25,0.6705
720,avatar,2009,pg-13,fantasy,james cameron,7.975,0.6704
721,dream house,2011,pg-13,mystery,jim sheridan,4.1,0.6702
722,from hell,2001,r,mystery,"albert hughes, allen hughes",6.1,0.6702
723,the blind side,2009,pg-13,drama,john lee hancock,6.8,0.6701
724,raise your voice,2004,pg,music,sean mcnamara,4.3,0.6701
725,rio 2,2014,g,comedy,carlos saldanha,5.675,0.67
726,alvin and the chipmunks the squeakquel,2009,pg,comedy,betty thomas,4.1,0.6699
727,anacondas the hunt for the blood orchid,2004,pg-13,horror,dwight h. little,4.2,0.6698
728,bruce almighty,2003,pg-13,comedy,tom shadyac,5.725,0.6694
729,basic,2003,r,mystery,john mctiernan,4.6,0.6694
730,green zone,2010,r,war,paul greengrass,6.225,0.6693
731,mechanic resurrection,2016,r,thriller,dennis gansel,4.65,0.6692
732,when a stranger calls,2006,pg-13,horror,simon west,3.575,0.6689
733,act of valor,2012,r,war,"mike mccoy, scott waugh",4.925,0.6689
734,halloween kills,2021,r,thriller,david gordon green,5.0,0.6688
735,sudden impact,1983,r,thriller,clint eastwood,5.85,0.6686
736,heroes,1977,pg,war,jeremy kagan,4.6,0.6685
737,the longest day,1962,pg,war,"ken annakin, andrew marton, gerd oswald",7.800000000000001,0.6684
738,skyscraper,2018,pg-13,action,rawson marshall thurber,5.5,0.6684
739,resident evil apocalypse,2004,r,science fiction,alexander witt,4.45,0.6683
740,insidious the red door,2023,pg-13,thriller,patrick wilson,5.15,0.6682
741,doctor dolittle,1967,g,music,richard fleischer,4.65,0.6679
742,fast x,2023,pg-13,crime,louis leterrier,6.0,0.6679
743,ghost,1990,pg-13,thriller,jerry zucker,6.75,0.6675
744,in time,2011,pg-13,thriller,andrew niccol,5.65,0.6675
745,straight outta compton,2015,r,drama,f. gary gray,7.925,0.6673
746,the towering inferno,1974,pg,thriller,john guillermin,6.925,0.6672
747,the incredible hulk,2008,pg-13,action,louis leterrier,6.425,0.6672
748,sweet charity,1969,g,music,bob fosse,6.8,0.667
749,a chorus line,1985,pg-13,music,richard attenborough,5.475,0.6668
750,as good as it gets,1997,pg-13,drama,james l. brooks,7.6,0.6667
751,alien resurrection,1997,r,horror,jean-pierre jeunet,6.05,0.6665
752,cars,2006,g,comedy,"john lasseter, joe ranft",7.225,0.6664
753,shall we dance,2004,pg-13,romance,peter chelsom,5.5,0.6663
754,beyond the sea,2004,pg-13,music,kevin spacey,5.475,0.6663
755,aline,2020,pg-13,music,valérie lemercier,5.975,0.6662
756,friday the 13th,2009,r,horror,marcus nispel,4.325,0.6661
757,the time machine,2002,pg-13,science fiction,simon wells,4.825,0.666
758,pokémon the first movie,1998,g,fantasy,kunihiko yuyama,4.575,0.6657
759,where eagles dare,1968,pg,war,brian g. hutton,7.45,0.6655
760,volcano,1997,pg-13,science fiction,mick jackson,5.475,0.6653
761,death race,2008,r,science fiction,paul w.s. anderson,5.275,0.6653
762,the santa clause 2,2002,g,fantasy,michael lembeck,5.5,0.6653
763,the hustle,2019,pg-13,crime,chris addison,4.125,0.6652
764,the proposal,2009,pg-13,drama,anne fletcher,5.825,0.665
765,marley  me,2008,pg,comedy,david frankel,6.475,0.6649
766,mission impossible,1996,pg-13,thriller,brian de palma,6.65,0.6647
767,creed ii,2018,pg-13,drama,steven caple jr.,7.25,0.6647
768,primal fear,1996,r,mystery,gregory hoblit,6.95,0.6646
769,cars 2,2011,g,comedy,"john lasseter, bradford lewis",5.475,0.6646
770,water for elephants,2011,pg-13,romance,francis lawrence,6.25,0.6645
771,evolution,2001,pg-13,science fiction,ivan reitman,5.15,0.6645
772,born on the fourth of july,1989,r,drama,oliver stone,7.525,0.6645
773,woodstock,1970,r,music,michael wadleigh,8.775,0.6643
774,indiana jones and the last crusade,1989,pg-13,action,steven spielberg,7.75,0.6643
775,the greatest showman,2017,pg,drama,michael gracey,6.45,0.6641
776,gods and generals,2003,pg-13,war,ron maxwell,4.075,0.6641
777,notting hill,1999,pg-13,comedy,roger michell,7.425,0.664
778,the wolfman,2010,r,thriller,joe johnston,4.8,0.664
779,the score,2001,r,mystery,frank oz,7.0,0.6639
780,the haunted mansion,2003,pg,fantasy,rob minkoff,3.925,0.6639
781,wanted,2008,r,action,timur bekmambetov,6.675,0.6638
782,cliffhanger,1993,r,action,renny harlin,6.45,0.6638
783,spartacus,1960,pg-13,war,"stanley kubrick, anthony mann",8.375,0.6638
784,madea goes to jail,2009,pg-13,crime,tyler perry,4.75,0.6637
785,take the lead,2006,pg-13,music,liz friedlander,5.85,0.6636
786,paranormal activity the ghost dimension,2015,r,horror,gregory plotkin,3.6,0.6635
787,paradise road,1997,r,war,bruce beresford,5.575,0.6635
788,30 days of night,2007,r,horror,david slade,5.825,0.6634
789,fiddler on the roof,1971,g,romance,norman jewison,7.625,0.6634
790,hannah montana the movie,2009,g,romance,peter chelsom,5.1,0.6632
791,what dreams may come,1998,pg-13,romance,vincent ward,5.95,0.6632
792,every which way but loose,1978,pg,romance,james fargo,5.175,0.6631
793,the wailing,2016,nr,mystery,na hong-jin,8.2,0.663
794,taking woodstock,2009,r,music,ang lee,5.8,0.663
795,always,1989,pg,romance,steven spielberg,6.175,0.6629
796,camelot,1967,g,music,joshua logan,5.975,0.6629
797,the butler,2013,pg-13,drama,lee daniels,7.025,0.6628
798,big fish,2003,pg-13,fantasy,tim burton,7.3,0.6628
799,midsommar,2019,r,horror,ari aster,7.45,0.6627
800,the hunt for red october,1990,pg-13,thriller,john mctiernan,7.375,0.6626
801,star wars the clone wars,2008,pg,science fiction,dave filoni,4.325,0.6626
802,elysium,2013,r,action,neill blomkamp,6.4,0.6625
803,pretty woman,1990,r,comedy,garry marshall,6.525,0.6624
804,ouija,2014,pg-13,horror,stiles white,3.5,0.6623
805,newsies,1992,pg,music,kenny ortega,5.55,0.6622
806,kagemusha,1980,pg,war,akira kurosawa,8.25,0.6621
807,bohemian rhapsody,2018,pg-13,music,bryan singer,6.7,0.6618
808,poltergeist,2015,pg-13,horror,gil kenan,4.425000000000001,0.6617
809,reign of fire,2002,pg-13,fantasy,rob bowman,5.1,0.6617
810,daddys home,2015,pg-13,comedy,sean anders,4.95,0.6617
811,the angry birds movie,2016,pg,comedy,"clay kaytis, fergal reilly",5.3,0.6617
812,arthur and the invisibles,2006,pg,fantasy,luc besson,4.625,0.6617
813,godzilla vs kong,2021,pg-13,action,adam wingard,6.85,0.6616
814,guess who,2005,pg-13,romance,kevin rodney sullivan,5.225,0.6615
815,the thing,2011,r,mystery,matthijs van heijningen jr.,5.175000000000001,0.6615
816,sophies choice,1982,r,war,alan j. pakula,7.25,0.6613
817,dolittle,2020,pg,fantasy,stephen gaghan,4.074999999999999,0.6612
818,charlie and the chocolate factory,2005,pg,fantasy,tim burton,7.300000000000001,0.6611
819,a perfect world,1993,pg-13,crime,clint eastwood,7.475,0.6611
820,incredibles 2,2018,pg,action,brad bird,8.075,0.6608
821,epic movie,2007,pg-13,fantasy,"jason friedberg, aaron seltzer",2.025,0.6607
822,jumanji,1995,pg,fantasy,joe johnston,5.85,0.6605
823,behind enemy lines,2001,pg-13,war,john moore,5.3500000000000005,0.6605
824,get on up,2014,pg-13,music,tate taylor,7.2,0.6604
825,terminator 3 rise of the machines,2003,r,thriller,jonathan mostow,6.525,0.6604
826,everest,2015,pg-13,drama,baltasar kormákur,6.9,0.6602
827,the stepford wives,2004,pg-13,science fiction,frank oz,4.45,0.66
828,the time travelers wife,2009,pg-13,fantasy,robert schwentke,5.625,0.6598
829,the name of the rose,1986,r,mystery,jean-jacques annaud,7.025,0.6596
830,batman,1989,pg-13,crime,tim burton,7.325,0.659
831,next,2007,pg-13,science fiction,lee tamahori,4.825,0.659
832,erin brockovich,2000,r,drama,steven soderbergh,7.65,0.6588
833,the departed,2006,r,drama,martin scorsese,8.575,0.6588
834,coming to america,1988,r,romance,john landis,6.5,0.6587
835,legally blonde 2 red white  blonde,2003,pg-13,romance,charles herman-wurmfeld,4.675,0.6585
836,broken arrow,1996,r,thriller,john woo,5.875,0.6584
837,american hustle,2013,r,drama,david o. russell,8.075,0.6583
838,ad astra,2019,pg-13,science fiction,james gray,7.225,0.6583
839,heartbreak ridge,1986,r,war,clint eastwood,6.45,0.6582
840,the imaginarium of doctor parnassus,2009,pg-13,mystery,terry gilliam,6.525,0.6582
841,the skeleton key,2005,pg-13,horror,iain softley,5.375,0.6582
842,the last airbender,2010,pg,action,m. night shyamalan,2.775,0.6581
843,the messengers,2007,pg-13,mystery,"danny pang, oxide chun pang",3.875,0.658
844,the lucky one,2012,pg-13,romance,scott hicks,4.875,0.658
845,the heat,2013,r,crime,paul feig,6.425,0.6579
846,the deep end of the ocean,1999,pg-13,mystery,ulu grosbard,5.375,0.6578
847,johnny english reborn,2011,pg,crime,oliver parker,5.25,0.6578
848,what happened to monday,2017,r,mystery,tommy wirkola,6.2,0.6575
849,the blues brothers,1980,r,crime,john landis,7.175,0.6574
850,evangelion 3010 thrice upon a time,2021,nr,science fiction,"mahiro maeda, katsuichi nakayama, kazuya tsurumaki",8.65,0.6572
851,the soloist,2009,pg-13,music,joe wright,6.3,0.6571
852,dreamgirls,2006,pg-13,music,bill condon,7.2,0.6571
853,thir13en ghosts,2001,r,horror,steve beck,4.175,0.657
854,wedding crashers,2005,r,comedy,david dobkin,6.85,0.657
855,kellys heroes,1970,pg,war,brian g. hutton,6.95,0.657
856,doctor strange,2016,pg-13,fantasy,scott derrickson,7.75,0.6569
857,step up 3d,2010,pg-13,romance,jon m. chu,5.55,0.6568
858,center stage,2000,pg-13,music,nicholas hytner,5.725,0.6567
859,devils due,2014,r,horror,"matt bettinelli-olpin, tyler gillett",3.575,0.6565
860,resident evil extinction,2007,r,science fiction,russell mulcahy,4.75,0.6565
861,live and let die,1973,pg,thriller,guy hamilton,6.35,0.6565
862,journey 2 the mysterious island,2012,pg,science fiction,brad peyton,5.125,0.6564
863,hercules,2014,pg-13,action,brett ratner,5.575,0.6562
864,quantum of solace,2008,pg-13,crime,marc forster,6.225,0.656
865,alice in wonderland,2010,pg,fantasy,tim burton,5.825,0.656
866,scream vi,2023,r,thriller,"matt bettinelli-olpin, tyler gillett",6.8,0.6559
867,mr six,2015,pg-13,crime,guan hu,6.925000000000001,0.6558
868,mars attacks,1996,pg-13,science fiction,tim burton,5.875,0.6557
869,grumpier old men,1995,pg-13,romance,howard deutch,4.975,0.6557
870,hellboy,2004,pg-13,fantasy,guillermo del toro,7.225,0.6556
871,free guy,2021,pg-13,science fiction,shawn levy,7.2,0.6554
872,music of the heart,1999,pg,music,wes craven,6.300000000000001,0.6552
873,star wars the rise of skywalker,2019,pg-13,action,j.j. abrams,5.775,0.655
874,domestic disturbance,2001,pg-13,mystery,harold becker,4.15,0.6549
875,justice league,2017,pg-13,action,zack snyder,5.15,0.6549
876,yours mine  ours,2005,pg,romance,raja gosnell,4.025,0.6547
877,pirates of the caribbean on stranger tides,2011,pg-13,action,rob marshall,5.225,0.6546
878,in the line of fire,1993,r,mystery,wolfgang petersen,7.8,0.6546
879,ferdinand,2017,pg,comedy,carlos saldanha,6.675,0.6545
880,pitch perfect 3,2017,pg-13,comedy,trish sie,4.8,0.6545
881,operation chromite,2016,r,war,john h. lee,5.275,0.6545
882,oppenheimer,2023,r,drama,christopher nolan,8.625,0.6543
883,the invitation,2022,pg-13,horror,jessica m. thompson,4.75,0.6542
884,no strings attached,2011,r,romance,ivan reitman,5.55,0.6541
885,sing,2016,pg,music,"garth jennings, christophe lourdelet",6.8,0.6541
886,crimson peak,2015,r,horror,guillermo del toro,6.75,0.6541
887,the karate kid part ii,1986,pg,romance,john g. avildsen,5.65,0.6541
888,timecop,1994,r,crime,peter hyams,5.225,0.654
889,the expendables 2,2012,r,thriller,simon west,6.199999999999999,0.6539
890,sicario day of the soldado,2018,r,crime,stefano sollima,6.575,0.6537
891,trainwreck,2015,r,romance,judd apatow,6.9750000000000005,0.6537
892,superman ii,1980,pg,science fiction,"richard lester, richard donner",7.525,0.6536
893,to rome with love,2012,r,romance,woody allen,5.55,0.6532
894,a perfect murder,1998,r,crime,andrew davis,5.9,0.6532
895,pokémon detective pikachu,2019,pg,action,rob letterman,6.375,0.6532
896,taps,1981,pg,war,harold becker,6.325,0.6532
897,signs,2002,pg-13,thriller,m. night shyamalan,6.725,0.653
898,the shining,1980,r,horror,stanley kubrick,7.875,0.653
899,deep blue sea,1999,r,science fiction,renny harlin,5.825,0.6529
900,flatliners,1990,r,horror,joel schumacher,5.9,0.6528
901,the spy who loved me,1977,pg,thriller,lewis gilbert,6.875,0.6527
902,insidious chapter 2,2013,pg-13,horror,james wan,5.275,0.6526
903,super troopers 2,2018,r,mystery,jay chandrasekhar,4.525,0.6526
904,lord of war,2005,r,crime,andrew niccol,6.825,0.6526
905,the gospel,2005,pg,music,rob hardy,4.65,0.6525
906,oceans eight,2018,pg-13,crime,gary ross,6.575,0.6524
907,thunderball,1965,pg,thriller,terence young,7.1,0.6523
908,dracula untold,2014,pg-13,action,gary shore,4.800000000000001,0.6523
909,meet the spartans,2008,pg-13,fantasy,"jason friedberg, aaron seltzer",1.975,0.6522
910,the red violin,1998,r,music,françois girard,7.0,0.6522
911,patriot games,1992,r,thriller,phillip noyce,6.775,0.6522
912,u 571,2000,pg-13,war,jonathan mostow,6.525,0.6521
913,the one,2001,pg-13,science fiction,james wong,3.95,0.6521
914,high school musical 3 senior year,2008,g,comedy,kenny ortega,5.925,0.652
915,the dirty dozen,1967,nr,war,robert aldrich,7.699999999999999,0.652
916,the reader,2008,r,romance,stephen daldry,6.8,0.652
917,sleeping with the enemy,1991,r,thriller,joseph ruben,5.0,0.6519
918,jack ryan shadow recruit,2014,pg-13,thriller,kenneth branagh,5.875,0.6515
919,pitch perfect 2,2015,pg-13,music,elizabeth banks,6.55,0.6515
920,the mule,2018,r,drama,clint eastwood,6.675,0.6513
921,little boy,2015,pg-13,war,alejandro monteverde,5.025,0.6509
922,unknown,2011,pg-13,mystery,jaume collet-serra,6.175,0.6507
923,presumed innocent,1990,r,thriller,alan j. pakula,7.375,0.6505
924,step up,2006,pg-13,music,anne fletcher,5.075,0.6504
925,honey,2003,pg-13,music,bille woodruff,4.3,0.6502
926,ghostbusters ii,1989,pg,fantasy,ivan reitman,6.074999999999999,0.6501
927,ralph breaks the internet,2018,pg,comedy,"phil johnston, rich moore",7.525,0.65
928,julie  julia,2009,pg-13,romance,nora ephron,7.0,0.6499
929,rambo first blood part ii,1985,r,action,george p. cosmatos,5.275,0.6499
930,down to earth,2001,pg-13,romance,"chris weitz, paul weitz",4.0,0.6498
931,the godfather,1972,r,crime,francis ford coppola,9.4,0.6498
932,the ghost writer,2010,pg-13,mystery,roman polanski,7.525,0.6496
933,jumper,2008,pg-13,action,doug liman,4.325,0.6496
934,cocoon,1985,pg-13,science fiction,ron howard,7.0,0.6495
935,the ghost and the darkness,1996,r,horror,stephen hopkins,5.8,0.6495
936,oceans eleven,2001,pg-13,thriller,steven soderbergh,7.700000000000001,0.6494
937,planet 51,2009,pg,science fiction,"jorge blanco, javier abad, marcos martínez",4.525,0.6493
938,scream 2,1997,r,horror,wes craven,6.8,0.6492
939,hellboy ii the golden army,2008,pg-13,fantasy,guillermo del toro,7.55,0.6491
940,the foreigner,2017,r,thriller,martin campbell,6.525,0.6491
941,diamonds are forever,1971,pg,thriller,guy hamilton,6.300000000000001,0.649
942,the ladykillers,2004,r,crime,"ethan coen, joel coen",5.825,0.6487
943,copycat,1995,r,mystery,jon amiel,6.525,0.6486
944,flightplan,2005,pg-13,drama,robert schwentke,5.45,0.6485
945,red dawn,1984,pg-13,war,john milius,5.725,0.6482
946,casper,1995,pg,comedy,brad silberling,5.65,0.6481
947,the relic,1997,r,mystery,peter hyams,6.6,0.6477
948,the new mutants,2020,pg-13,horror,josh boone,4.824999999999999,0.6477
949,men in black 3,2012,pg-13,science fiction,barry sonnenfeld,6.45,0.6477
950,glitter,2001,pg-13,music,vondie curtis-hall,2.175,0.6476
951,terminator 2 judgment day,1991,r,science fiction,james cameron,8.325,0.6474
952,love  other drugs,2010,r,romance,edward zwick,6.025,0.6472
953,nights in rodanthe,2008,pg-13,romance,george c. wolfe,4.8,0.6472
954,kindergarten cop,1990,pg-13,comedy,ivan reitman,5.95,0.6471
955,close encounters of the third kind,1977,pg,science fiction,steven spielberg,8.25,0.647
956,the adventures of tintin,2011,pg,mystery,steven spielberg,7.125,0.6466
957,a haunted house,2013,r,horror,michael tiddes,3.475,0.6466
958,the jewel of the nile,1985,pg,romance,lewis teague,5.6,0.6466
959,the tin drum,1979,r,war,volker schlöndorff,7.25,0.6466
960,the unholy,2021,pg-13,mystery,evan spiliotopoulos,4.525,0.6465
961,sparkle,2012,pg-13,music,salim akil,5.8,0.6465
962,the pursuit of happyness,2006,pg-13,drama,gabriele muccino,7.25,0.6465
963,downton abbey a new era,2022,pg,mystery,simon curtis,7.375,0.6464
964,the prestige,2006,pg-13,mystery,christopher nolan,7.75,0.6464
965,knocked up,2007,r,romance,judd apatow,7.675,0.6462
966,road to perdition,2002,r,crime,sam mendes,7.625,0.6462
967,2 guns,2013,r,crime,baltasar kormákur,6.275,0.6458
968,collateral,2004,r,drama,michael mann,7.6,0.6458
969,2001 a space odyssey,1968,g,mystery,stanley kubrick,8.5,0.6456
970,kill bill vol 2,2004,r,crime,quentin tarantino,8.15,0.6455
971,jurassic park,1993,pg-13,science fiction,steven spielberg,8.025,0.6453
972,philadelphia,1993,pg-13,drama,jonathan demme,7.524999999999999,0.6451
973,the client,1994,pg-13,mystery,joel schumacher,6.975,0.645
974,top gun,1986,pg,action,tony scott,6.2,0.6449
975,dragonheart,1996,pg-13,fantasy,rob cohen,5.7,0.6449
976,paul blart mall cop,2009,pg,comedy,steve carr,4.5,0.6448
977,little women,2019,pg,drama,greta gerwig,8.575,0.6448
978,i still believe,2020,pg,music,"andrew erwin, jon erwin",5.8,0.6447
979,poseidon,2006,pg-13,drama,wolfgang petersen,4.95,0.6446
980,moulin rouge,2001,pg-13,romance,baz luhrmann,7.324999999999999,0.6445
981,dolores claiborne,1995,r,mystery,taylor hackford,7.35,0.6445
982,freddy vs jason,2003,r,horror,ronny yu,4.9,0.6443
983,the sound of music,1965,g,music,robert wise,7.6,0.6443
984,bad santa 2,2016,r,mystery,mark waters,4.275,0.6443
985,the girl who played with fire,2009,r,mystery,daniel alfredson,6.9,0.6442
986,beverly hills chihuahua,2008,pg,romance,raja gosnell,4.375,0.6442
987,old,2021,pg-13,mystery,m. night shyamalan,5.65,0.6442
988,rush hour 3,2007,pg-13,crime,brett ratner,4.7,0.6441
989,the pledge,2001,r,mystery,sean penn,7.025,0.6441
990,into the storm,2014,pg-13,thriller,steven quale,4.6,0.6439
991,epic,2013,pg,fantasy,chris wedge,6.2,0.6436
992,sneakers,1992,pg-13,crime,phil alden robinson,7.125,0.6433
993,charlies angels,2000,pg-13,action,mcg,5.85,0.6431
994,back to the future part iii,1990,pg,comedy,robert zemeckis,7.125,0.6431
995,event horizon,1997,r,mystery,paul w.s. anderson,5.025,0.6431
996,race to witch mountain,2009,pg,science fiction,andy fickman,5.225,0.6431
997,the texas chainsaw massacre the beginning,2006,r,horror,jonathan liebesman,4.1,0.6429
998,bugsy,1991,r,mystery,barry levinson,7.4,0.6429
999,fantastic four rise of the silver surfer,2007,pg,science fiction,tim story,4.85,0.6429
1000,the maze runner,2014,pg-13,mystery,wes ball,6.575,0.6426
1001,54,1998,r,music,mark christopher,4.125,0.6426
1002,non stop,2014,pg-13,mystery,jaume collet-serra,6.375,0.6425
1003,pulp fiction,1994,r,crime,quentin tarantino,9.025,0.6424
1004,x men the last stand,2006,pg-13,action,brett ratner,6.1,0.6422
1005,twelve monkeys,1995,r,science fiction,terry gilliam,7.95,0.6414
1006,a walk among the tombstones,2014,r,mystery,scott frank,6.325,0.6412
1007,tinker tailor soldier spy,2011,r,mystery,tomas alfredson,7.625,0.641
1008,the rose,1979,r,music,mark rydell,6.9,0.641
1009,unbreakable,2000,pg-13,thriller,m. night shyamalan,6.9,0.6408
1010,red,2010,pg-13,comedy,robert schwentke,6.725,0.6406
1011,force 10 from navarone,1978,pg,war,guy hamilton,5.875,0.6405
1012,the scorpion king,2002,pg-13,drama,chuck russell,4.9,0.6404
1013,apocalypse now,1979,r,war,francis ford coppola,8.775,0.6404
1014,the jungle book,2016,pg,fantasy,jon favreau,7.825,0.6402
1015,birds of prey and the fantabulous emancipation of one harley quinn,2020,r,crime,cathy yan,6.725,0.6402
1016,widows,2018,r,crime,steve mcqueen,7.7,0.6399
1017,shark tale,2004,pg,action,"bibo bergeron, vicky jenson, rob letterman",5.075,0.6399
1018,spy,2015,r,action,paul feig,7.7,0.6399
1019,50 first dates,2004,pg-13,comedy,peter segal,5.75,0.6399
1020,sin city,2005,r,thriller,"frank miller, quentin tarantino, robert rodriguez",7.625,0.6399
1021,edge of tomorrow,2014,pg-13,science fiction,doug liman,7.925,0.6398
1022,annabelle comes home,2019,r,horror,gary dauberman,6.0,0.6393
1023,lemony snickets a series of unfortunate events,2004,pg,comedy,brad silberling,6.75,0.6391
1024,barbie,2023,pg-13,comedy,greta gerwig,7.65,0.639
1025,anaconda,1997,pg-13,horror,luis llosa,4.475,0.6387
1026,saw iv,2007,r,thriller,darren lynn bousman,4.375,0.6385
1027,jurassic park iii,2001,pg-13,science fiction,joe johnston,5.3,0.6385
1028,paper towns,2015,pg-13,romance,jake schreier,5.95,0.638
1029,se7en,1995,r,mystery,david fincher,7.95,0.6378
1030,marry me,2022,pg-13,music,kat coiro,6.0,0.6378
1031,creed iii,2023,pg-13,action,michael b. jordan,7.5,0.6377
1032,gone with the wind,1939,g,drama,"victor fleming, george cukor, sam wood",8.7,0.6375
1033,the haunting in connecticut,2009,pg-13,horror,peter cornwell,4.25,0.6374
1034,my big fat independent movie,2005,r,music,philip zlotorynski,2.95,0.6373
1035,the godfather part ii,1974,r,crime,francis ford coppola,9.05,0.6366
1036,the deer hunter,1978,r,war,michael cimino,8.325,0.6366
1037,the witches of eastwick,1987,r,horror,george miller,6.575,0.6365
1038,the purge election year,2016,r,thriller,james demonaco,5.85,0.6365
1039,the bourne identity,2002,pg-13,action,doug liman,7.625,0.6365
1040,predators,2010,r,science fiction,nimród antal,6.075,0.6363
1041,the forgotten,2004,pg-13,thriller,joseph ruben,4.775,0.6363
1042,total recall,1990,r,action,paul verhoeven,7.25,0.6361
1043,smurfs the lost village,2017,pg,comedy,kelly asbury,5.1,0.636
1044,letters to juliet,2010,pg,romance,gary winick,5.7,0.636
1045,die hard,1988,r,thriller,john mctiernan,8.15,0.6357
1046,four christmases,2008,pg-13,romance,seth gordon,4.525,0.6355
1047,salt,2010,pg-13,thriller,phillip noyce,6.4,0.6355
1048,the curse of la llorona,2019,r,horror,michael chaves,4.425,0.6354
1049,step up 2 the streets,2008,pg-13,drama,jon m. chu,5.175,0.6354
1050,panic room,2002,r,thriller,david fincher,6.925,0.6353
1051,the pianist,2002,r,war,roman polanski,8.725,0.6353
1052,the 12th man,2017,nr,war,harald zwart,7.5,0.6352
1053,the town,2010,r,thriller,ben affleck,7.825,0.6351
1054,taken 2,2012,pg-13,thriller,olivier megaton,4.825,0.6351
1055,zootopia,2016,pg,comedy,"byron howard, rich moore, jared bush",8.35,0.635
1056,my big fat greek wedding 2,2016,pg-13,romance,kirk jones,4.625,0.6347
1057,the house with a clock in its walls,2018,pg,fantasy,eli roth,6.125,0.6346
1058,starsky  hutch,2004,pg-13,crime,todd phillips,5.925,0.6345
1059,step up revolution,2012,pg-13,drama,scott speer,5.4,0.6342
1060,blackkklansman,2018,r,crime,spike lee,8.225,0.6341
1061,mother,2017,r,horror,darren aronofsky,7.0,0.634
1062,ticket to paradise,2022,pg-13,drama,ol parker,5.825,0.6338
1063,the hitchhikers guide to the galaxy,2005,pg,science fiction,garth jennings,6.425,0.6336
1064,the constant gardener,2005,r,mystery,fernando meirelles,7.7,0.6336
1065,priest,2011,pg-13,fantasy,scott stewart,4.275,0.6336
1066,my best friends wedding,1997,pg-13,romance,p.j. hogan,6.325,0.6335
1067,downton abbey,2019,pg,drama,michael engler,7.325,0.6335
1068,wrath of man,2021,r,crime,guy ritchie,6.8,0.6335
1069,ratatouille,2007,g,comedy,"brad bird, jan pinkava",8.775,0.6333
1070,guy ritchies the covenant,2023,r,war,guy ritchie,7.475,0.6333
1071,crazy stupid love,2011,pg-13,romance,"glenn ficarra, john requa",7.35,0.6333
1072,training day,2001,r,crime,antoine fuqua,7.4,0.6332
1073,due date,2010,r,comedy,todd phillips,5.475,0.6331
1074,tea with mussolini,1999,pg,war,franco zeffirelli,6.25,0.6331
1075,in the valley of elah,2007,r,mystery,paul haggis,6.95,0.633
1076,paranormal activity 4,2012,r,horror,"henry joost, ariel schulman",4.075,0.6329
1077,whiskey tango foxtrot,2016,r,war,"glenn ficarra, john requa",6.35,0.6326
1078,crimson tide,1995,r,thriller,tony scott,7.5,0.6326
1079,payback,1999,r,crime,brian helgeland,6.025,0.6325
1080,american made,2017,r,crime,doug liman,7.25,0.6325
1081,carrie,2013,r,horror,kimberly peirce,5.55,0.6325
1082,cars 3,2017,g,comedy,brian fee,6.6000000000000005,0.6324
1083,hotel transylvania 3 summer vacation,2018,pg,fantasy,genndy tartakovsky,6.2,0.6324
1084,lyle lyle crocodile,2022,pg,music,"josh gordon, will speck",6.324999999999999,0.6323
1085,the matrix,1999,r,science fiction,"lana wachowski, lilly wachowski",8.125,0.6323
1086,foul play,1978,pg,mystery,colin higgins,6.25,0.6322
1087,the fast and the furious,2001,pg-13,crime,rob cohen,6.275,0.6321
1088,get him to the greek,2010,r,music,nicholas stoller,6.5,0.6318
1089,american gigolo,1980,r,mystery,paul schrader,6.35,0.6316
1090,the boy,2016,pg-13,mystery,william brent bell,4.825,0.6316
1091,dangerous minds,1995,r,drama,john n. smith,5.4,0.6316
1092,the lake house,2006,pg,mystery,alejandro agresti,5.625,0.6315
1093,frozen ii,2019,pg,fantasy,"chris buck, jennifer lee",7.05,0.6313
1094,princess mononoke,1997,pg-13,fantasy,hayao miyazaki,8.375,0.6313
1095,the italian job,2003,pg-13,crime,f. gary gray,6.975,0.6312
1096,nanny mcphee and the big bang,2010,pg,fantasy,susanna white,6.275,0.6312
1097,american wedding,2003,r,comedy,jesse dylan,5.525,0.631
1098,matchstick men,2003,pg-13,crime,ridley scott,7.15,0.631
1099,along came polly,2004,pg-13,romance,john hamburg,4.775,0.6308
1100,hancock,2008,pg-13,fantasy,peter berg,5.45,0.6307
1101,never been kissed,1999,pg-13,romance,raja gosnell,5.925,0.6307
1102,forrest gump,1994,pg-13,romance,robert zemeckis,8.25,0.6305
1103,curse of the golden flower,2006,r,fantasy,yimou zhang,6.825,0.6305
1104,amélie,2001,r,romance,jean-pierre jeunet,8.025,0.6303
1105,turner  hooch,1989,pg,crime,roger spottiswoode,5.275,0.6301
1106,you only live twice,1967,pg,thriller,lewis gilbert,6.725,0.63
1107,the thomas crown affair,1999,r,romance,john mctiernan,6.925000000000001,0.6299
1108,titanic,1997,pg-13,romance,james cameron,8.025,0.6298
1109,super 8,2011,pg-13,thriller,j.j. abrams,7.275,0.6298
1110,22 jump street,2014,r,crime,"phil lord, christopher miller",7.325,0.6297
1111,annabelle creation,2017,r,horror,david f. sandberg,6.575,0.6296
1112,the whole nine yards,2000,r,crime,jonathan lynn,5.525,0.6296
1113,sky captain and the world of tomorrow,2004,pg,mystery,kerry conran,6.375,0.6296
1114,the commuter,2018,pg-13,thriller,jaume collet-serra,5.95,0.6295
1115,schindlers list,1993,r,war,steven spielberg,9.225,0.6295
1116,underworld awakening,2012,r,horror,"måns mårlind, björn stein",4.75,0.6288
1117,the equalizer 3,2023,r,thriller,antoine fuqua,6.875,0.6287
1118,la confidential,1997,r,mystery,curtis hanson,8.75,0.6286
1119,music and lyrics,2007,pg-13,romance,marc lawrence,6.275,0.6286
1120,sonic the hedgehog,2020,pg,action,jeff fowler,6.225,0.6285
1121,the hills have eyes,2006,r,horror,alexandre aja,5.775,0.6285
1122,cats  dogs the revenge of kitty galore,2010,pg,fantasy,brad peyton,3.475,0.6285
1123,dc league of super pets,2022,pg,comedy,"jared stern, sam j. levine",6.775,0.6283
1124,five feet apart,2019,pg-13,romance,justin baldoni,6.475,0.6282
1125,lightyear,2022,pg,science fiction,angus maclane,6.625,0.6278
1126,snowpiercer,2013,r,science fiction,bong joon ho,7.95,0.6277
1127,mr poppers penguins,2011,pg,comedy,mark waters,5.525,0.6277
1128,aliens,1986,r,science fiction,james cameron,8.525,0.6276
1129,fun with dick and jane,2005,pg-13,crime,dean parisot,5.025,0.6274
1130,john wick chapter 2,2017,r,crime,chad stahelski,7.775,0.6272
1131,match point,2005,r,romance,woody allen,7.475,0.6271
1132,velvet goldmine,1998,r,music,todd haynes,6.65,0.6271
1133,snakes on a plane,2006,r,crime,david r. ellis,5.9,0.6271
1134,moana,2016,pg,comedy,"ron clements, john musker, don hall",8.2,0.627
1135,last christmas,2019,pg-13,romance,paul feig,5.825,0.627
1136,freddys dead the final nightmare,1991,r,horror,rachel talalay,4.025,0.6269
1137,stop loss,2008,r,war,kimberly peirce,6.25,0.6268
1138,back to the future part ii,1989,pg,science fiction,robert zemeckis,6.9,0.6266
1139,life,2017,r,mystery,daniel espinosa,6.3,0.6264
1140,shrek the third,2007,pg,comedy,"chris miller, raman hui",5.574999999999999,0.6258
1141,pride  prejudice,2005,pg,romance,joe wright,8.2,0.6257
1142,footloose,1984,pg,romance,herbert ross,5.75,0.6255
1143,spiral from the book of saw,2021,r,horror,darren lynn bousman,4.75,0.6255
1144,brick mansions,2014,pg-13,crime,camille delamarre,4.5,0.6253
1145,the american president,1995,pg-13,romance,rob reiner,7.275,0.6253
1146,flame  citron,2008,nr,war,ole christian madsen,7.5,0.625
1147,a dogs purpose,2017,pg,drama,lasse hallström,5.65,0.6249
1148,steel magnolias,1989,pg,romance,herbert ross,6.85,0.6248
1149,analyze this,1999,r,comedy,harold ramis,6.55,0.6245
1150,ace ventura when nature calls,1995,pg-13,comedy,steve oedekerk,4.825,0.6243
1151,wild things,1998,r,mystery,john mcnaughton,6.15,0.6243
1152,sherlock gnomes,2018,pg,fantasy,john stevenson,4.35,0.6242
1153,my bloody valentine,2009,r,horror,patrick lussier,5.55,0.6242
1154,mongol the rise of genghis khan,2007,r,war,sergei bodrov,7.5,0.6241
1155,zulu,1964,nr,war,cy endfield,8.125,0.6241
1156,out of sight,1998,r,romance,steven soderbergh,7.9,0.6241
1157,big daddy,1999,pg-13,comedy,dennis dugan,5.225,0.624
1158,detective dee and the mystery of the phantom flame,2010,pg-13,mystery,hark tsui,7.15,0.6239
1159,sea of love,1989,r,romance,harold becker,6.875,0.6237
1160,final destination,2000,r,horror,james wong,5.2,0.6232
1161,dances with wolves,1990,pg-13,drama,kevin costner,7.925,0.6229
1162,17 again,2009,pg-13,fantasy,burr steers,5.8,0.6228
1163,the forever purge,2021,r,horror,everardo gout,5.625,0.6227
1164,g force,2009,pg,action,hoyt yeatman,4.175,0.6225
1165,courage under fire,1996,r,war,edward zwick,7.35,0.6223
1166,ne zha,2019,nr,fantasy,yu yang,7.375,0.6223
1167,deadpool,2016,r,action,tim miller,7.65,0.6222
1168,henry v,1989,pg-13,war,kenneth branagh,8.200000000000001,0.6222
1169,rocky ii,1979,pg,romance,sylvester stallone,6.925,0.6222
1170,the burbs,1989,pg,horror,joe dante,5.925,0.6218
1171,blue hawaii,1961,pg,music,norman taurog,5.0,0.6218
1172,catch 22,1970,r,war,mike nichols,7.225,0.6216
1173,the train,1964,nr,war,john frankenheimer,8.175,0.6213
1174,escape to victory,1981,pg-13,war,john huston,6.55,0.6212
1175,good morning vietnam,1987,r,war,barry levinson,7.575,0.6208
1176,dr dolittle 2,2001,pg,romance,steve carr,4.75,0.6207
1177,darkest hour,2017,pg-13,drama,joe wright,7.675000000000001,0.6205
1178,the 40 year old virgin,2005,r,comedy,judd apatow,7.324999999999999,0.6203
1179,home,2015,pg,fantasy,tim johnson,6.025,0.6202
1180,free willy,1993,pg,drama,simon wincer,6.8,0.6197
1181,a simple favor,2018,r,crime,paul feig,7.125,0.6196
1182,star trek iv the voyage home,1986,pg,science fiction,leonard nimoy,7.424999999999999,0.6194
1183,unlawful entry,1992,r,mystery,jonathan kaplan,6.575,0.6192
1184,kick ass,2010,r,crime,matthew vaughn,7.274999999999999,0.6192
1185,victorvictoria,1982,pg,music,blake edwards,8.25,0.6191
1186,the popes exorcist,2023,r,horror,julius avery,5.675,0.619
1187,toy story 4,2019,g,comedy,josh cooley,8.3,0.619
1188,tropic thunder,2008,r,comedy,ben stiller,7.274999999999999,0.619
1189,the devils double,2011,r,war,lee tamahori,6.075,0.6189
1190,toy story 3,2010,g,comedy,lee unkrich,8.775,0.6185
1191,city slickers,1991,pg-13,comedy,ron underwood,7.275,0.6182
1192,shrek forever after,2010,pg,comedy,mike mitchell,6.075,0.6181
1193,city of life and death,2009,r,war,chuan lu,8.2,0.6181
1194,three kings,1999,r,war,david o. russell,7.85,0.6177
1195,the empire strikes back,1980,pg,action,irvin kershner,8.7,0.6177
1196,shadow,2018,pg-13,war,yimou zhang,7.8,0.6176
1197,1917,2019,r,war,sam mendes,8.2,0.6174
1198,meet the parents,2000,pg-13,comedy,jay roach,7.375,0.6171
1199,x men,2000,pg-13,science fiction,bryan singer,7.225,0.6171
1200,shaft,2000,r,crime,john singleton,5.925,0.617
1201,almost famous,2000,r,music,cameron crowe,8.375,0.6169
1202,final destination 3,2006,r,mystery,james wong,5.074999999999999,0.6169
1203,rain man,1988,r,drama,barry levinson,7.775,0.6167
1204,sister act,1992,pg,music,emile ardolino,6.425,0.6166
1205,the sixth sense,1999,pg-13,mystery,m. night shyamalan,7.8,0.6165
1206,the family stone,2005,pg-13,romance,thomas bezucha,5.85,0.6163
1207,that thing you do,1996,pg,music,tom hanks,7.575,0.6161
1208,the outpost,2019,r,war,rod lurie,7.475,0.6159
1209,book club,2018,pg-13,romance,bill holderman,5.75,0.6157
1210,single white female,1992,r,horror,barbet schroeder,6.075,0.6154
1211,atlantis the lost empire,2001,pg,science fiction,"gary trousdale, kirk wise",5.975,0.6153
1212,austin powers in goldmember,2002,pg-13,comedy,jay roach,5.9,0.6152
1213,the exorcist,1973,r,horror,william friedkin,7.925,0.615
1214,ant man and the wasp quantumania,2023,pg-13,science fiction,peyton reed,5.425,0.6148
1215,operation crossbow,1965,pg-13,war,michael anderson,6.95,0.6146
1216,legend of the guardians the owls of gahoole,2010,pg,fantasy,zack snyder,6.05,0.6146
1217,muppets most wanted,2014,pg,crime,james bobin,6.7,0.6146
1218,spider man into the spider verse,2018,pg,action,"bob persichetti, peter ramsey, rodney rothman",8.8,0.6145
1219,atonement,2007,r,romance,joe wright,8.05,0.6144
1220,annihilation,2018,r,horror,alex garland,7.475,0.614
1221,madagascar 3 europes most wanted,2012,pg,comedy,"eric darnell, tom mcgrath, conrad vernon",6.8,0.614
1222,pet sematary,1989,r,horror,mary lambert,5.675,0.614
1223,underworld rise of the lycans,2009,r,fantasy,patrick tatopoulos,5.1,0.6139
1224,the gentlemen,2019,r,crime,guy ritchie,7.025,0.6137
1225,men in black ii,2002,pg-13,science fiction,barry sonnenfeld,5.325,0.6137
1226,the bourne supremacy,2004,pg-13,drama,paul greengrass,7.625,0.6137
1227,secret window,2004,pg-13,mystery,david koepp,5.574999999999999,0.6134
1228,grease,1978,pg,romance,randal kleiser,7.05,0.6133
1229,an officer and a gentleman,1982,r,romance,taylor hackford,7.375,0.6124
1230,21 jump street,2012,r,crime,"phil lord, christopher miller",7.375,0.6121
1231,bad teacher,2011,r,comedy,jake kasdan,5.125,0.6121
1232,the final destination,2009,r,horror,david r. ellis,4.125,0.6119
1233,how the grinch stole christmas,2000,pg,fantasy,ron howard,5.65,0.6118
1234,shine a light,2008,pg-13,music,martin scorsese,7.5,0.6118
1235,sarahs key,2010,pg-13,war,gilles paquet-brenner,6.975,0.6117
1236,ice age continental drift,2012,pg,comedy,"steve martino, michael thurmeier",5.375,0.6116
1237,sleepless in seattle,1993,pg,drama,nora ephron,7.05,0.6114
1238,the purge anarchy,2014,r,horror,james demonaco,5.975,0.6111
1239,tommy,1975,pg,music,ken russell,6.775,0.6111
1240,gremlins 2 the new batch,1990,pg-13,horror,"joe dante, chuck jones",6.725,0.6108
1241,connie and carla,2004,pg-13,music,michael lembeck,5.25,0.6107
1242,sweeney todd the demon barber of fleet street,2007,r,drama,tim burton,7.85,0.6106
1243,george of the jungle,1997,pg,comedy,sam weisman,5.475,0.6106
1244,rescue dawn,2006,pg-13,war,werner herzog,7.725,0.6104
1245,ip man 4 the finale,2019,nr,drama,wilson yip,7.25,0.6103
1246,rosemarys baby,1968,r,horror,roman polanski,8.775,0.6103
1247,overlord,2018,r,war,julius avery,6.875,0.6102
1248,forgetting sarah marshall,2008,r,romance,nicholas stoller,7.175,0.6102
1249,scary stories to tell in the dark,2019,pg-13,horror,andré øvredal,6.65,0.6102
1250,the intouchables,2011,r,comedy,"olivier nakache, éric toledano",7.525,0.6101
1251,underwater,2020,pg-13,horror,william eubank,5.45,0.6098
1252,how to train your dragon 2,2014,pg,fantasy,dean deblois,8.1,0.6098
1253,3 men and a baby,1987,pg,comedy,leonard nimoy,6.275,0.6098
1254,poltergeist ii the other side,1986,pg-13,horror,brian gibson,4.65,0.6096
1255,home alone 2 lost in new york,1992,pg,comedy,chris columbus,5.425,0.6092
1256,the waterboy,1998,pg-13,comedy,frank coraci,4.949999999999999,0.6092
1257,young sherlock holmes,1985,pg-13,mystery,barry levinson,6.775,0.6092
1258,my fair lady,1964,g,music,george cukor,8.525,0.6091
1259,michael clayton,2007,r,crime,tony gilroy,7.8,0.6089
1260,jacobs ladder,1990,r,mystery,adrian lyne,7.050000000000001,0.6088
1261,the american,2010,r,crime,anton corbijn,6.2,0.6087
1262,once upon a time in mexico,2003,r,mystery,robert rodriguez,6.199999999999999,0.6085
1263,vantage point,2008,pg-13,drama,pete travis,5.1,0.6084
1264,the last dragon,1985,pg-13,music,michael schultz,6.275,0.6084
1265,the bourne ultimatum,2007,pg-13,action,paul greengrass,8.275,0.608
1266,hugo,2011,pg,drama,martin scorsese,8.075000000000001,0.6077
1267,wreck it ralph,2012,pg,comedy,rich moore,7.725,0.6075
1268,the wind that shakes the barley,2006,nr,war,ken loach,8.025,0.6073
1269,father of the bride,1991,pg,romance,charles shyer,6.3,0.607
1270,sicario,2015,r,crime,denis villeneuve,8.125,0.607
1271,flashdance,1983,r,drama,adrian lyne,5.075,0.607
1272,sideways,2004,r,romance,alexander payne,8.425,0.6067
1273,the caine mutiny,1954,nr,war,edward dmytryk,7.65,0.6066
1274,contagion,2011,pg-13,thriller,steven soderbergh,7.225,0.6064
1275,rush hour 2,2001,pg-13,comedy,brett ratner,5.825,0.6063
1276,big hero 6,2014,pg,comedy,"don hall, chris williams",7.975,0.6063
1277,christopher robin,2018,pg,fantasy,marc forster,6.95,0.6062
1278,coal miners daughter,1980,pg,music,michael apted,8.0,0.6057
1279,purple rain,1984,r,music,albert magnoli,6.475,0.6057
1280,frozen,2013,pg,fantasy,"chris buck, jennifer lee",7.75,0.6057
1281,scream,1996,r,crime,wes craven,7.25,0.6056
1282,justin biebers believe,2013,pg,music,jon m. chu,4.475,0.6052
1283,lion,2016,pg-13,drama,garth davis,7.85,0.6052
1284,escape room,2019,pg-13,horror,adam robitel,5.7,0.6051
1285,a christmas carol,2009,pg,fantasy,robert zemeckis,6.1,0.6051
1286,working girl,1988,r,romance,mike nichols,7.25,0.6051
1287,nims island,2008,pg,fantasy,"jennifer flackett, mark levin",5.675,0.605
1288,monsters vs aliens,2009,pg,science fiction,"rob letterman, conrad vernon",6.375,0.6049
1289,good will hunting,1997,r,drama,gus van sant,8.3,0.6048
1290,rio,2011,g,comedy,carlos saldanha,6.775,0.6046
1291,ice age the meltdown,2006,pg,comedy,carlos saldanha,6.25,0.6043
1292,the first purge,2018,r,horror,gerard mcmurray,5.525,0.6043
1293,the return of the pink panther,1975,g,mystery,blake edwards,7.125,0.6042
1294,speed,1994,r,action,jan de bont,7.925,0.604
1295,ricki and the flash,2015,pg-13,music,jonathan demme,5.925,0.6038
1296,rocky iv,1985,pg-13,drama,sylvester stallone,5.475,0.6031
1297,ip man 3,2015,pg-13,drama,wilson yip,6.85,0.6031
1298,fright night,2011,r,horror,craig gillespie,6.550000000000001,0.603
1299,hotel transylvania 2,2015,pg,fantasy,genndy tartakovsky,5.875,0.603
1300,penguins of madagascar,2014,pg,comedy,"eric darnell, simon j. smith",6.45,0.603
1301,three days of the condor,1975,r,mystery,sydney pollack,7.425,0.6029
1302,mash,1970,r,war,robert altman,7.75,0.6028
1303,finding your feet,2017,pg-13,music,richard loncraine,6.55,0.6027
1304,scary movie 4,2006,pg-13,comedy,david zucker,4.5,0.6027
1305,spy kids 2 the island of lost dreams,2002,pg,science fiction,robert rodriguez,6.25,0.6027
1306,8 women,2002,r,mystery,françois ozon,7.050000000000001,0.6027
1307,the gallows,2015,r,horror,"travis cluff, chris lofing",3.4000000000000004,0.6024
1308,dont be afraid of the dark,2010,r,horror,troy nixey,5.725,0.6024
1309,howls moving castle,2004,pg,fantasy,hayao miyazaki,8.4,0.6022
1310,under siege,1992,r,thriller,andrew davis,6.7250000000000005,0.6021
1311,finding dory,2016,pg,comedy,"andrew stanton, angus maclane",7.825,0.6021
1312,bad moms,2016,r,comedy,"jon lucas, scott moore",6.15,0.6018
1313,dude wheres my car,2000,pg-13,romance,danny leiner,3.9,0.6018
1314,patton,1970,pg,war,franklin j. schaffner,8.3,0.6017
1315,bedazzled,2000,pg-13,fantasy,harold ramis,5.525,0.6012
1316,halloween,2018,r,thriller,david gordon green,6.925,0.6012
1317,austin powers the spy who shagged me,1999,pg-13,crime,jay roach,6.05,0.6011
1318,star trek vi the undiscovered country,1991,pg,science fiction,nicholas meyer,7.25,0.6009
1319,the boogeyman,2023,pg-13,horror,rob savage,5.975,0.6009
1320,kung fu panda 3,2016,pg,comedy,"alessandro carloni, jennifer yuh nelson",7.324999999999999,0.6008
1321,home alone,1990,pg,comedy,chris columbus,7.0,0.6007
1322,pitch perfect,2012,pg-13,music,jason moore,7.274999999999999,0.6003
1323,the final countdown,1980,pg,war,don taylor,5.9,0.6003
1324,as above so below,2014,r,horror,john erick dowdle,4.95,0.6002
1325,predator,1987,r,science fiction,john mctiernan,7.0,0.6002
1326,the sword and the sorcerer,1982,r,horror,albert pyun,5.375,0.6001
1327,the untouchables,1987,r,crime,brian de palma,7.95,0.6001
1328,disturbia,2007,pg-13,mystery,d.j. caruso,6.65,0.6001
1329,zombieland double tap,2019,r,horror,ruben fleischer,6.475,0.5997
1330,the lego batman movie,2017,pg,action,chris mckay,7.725,0.5997
1331,raya and the last dragon,2021,pg,fantasy,"don hall, carlos lópez estrada, paul briggs",7.95,0.5997
1332,macbeth,2015,r,war,justin kurzel,7.05,0.5996
1333,uglydolls,2019,pg,music,kelly asbury,4.65,0.5994
1334,cloudy with a chance of meatballs 2,2013,pg,comedy,"cody cameron, kris pearn",6.45,0.5994
1335,the host,2006,r,science fiction,bong joon ho,7.975,0.599
1336,love  mercy,2014,pg-13,music,bill pohlad,7.85,0.599
1337,just like heaven,2005,pg-13,romance,mark waters,5.95,0.5988
1338,onward,2020,pg,fantasy,dan scanlon,7.5,0.5987
1339,rambo,2008,r,war,sylvester stallone,5.525,0.5987
1340,bolt,2008,pg,comedy,"byron howard, chris williams",7.25,0.5986
1341,minions,2015,pg,comedy,"kyle balda, pierre coffin",5.975,0.5986
1342,megamind,2010,pg,action,tom mcgrath,6.975,0.5984
1343,the commitments,1991,r,music,alan parker,7.8,0.5982
1344,despicable me 3,2017,pg,action,"kyle balda, pierre coffin, eric guillon",5.875,0.598
1345,kinky boots,2005,pg-13,music,julian jarrold,6.325,0.5978
1346,hot fuzz,2007,r,crime,edgar wright,8.15,0.5976
1347,star trek first contact,1996,pg-13,science fiction,jonathan frakes,7.825,0.5976
1348,fantasia,1940,g,fantasy,"james algar, samuel armstrong, ford beebe jr.",8.55,0.5976
1349,kiss of the dragon,2001,r,crime,chris nahon,6.15,0.597
1350,coming home,1978,r,war,hal ashby,7.175,0.597
1351,black nativity,2013,pg,music,kasi lemmons,4.949999999999999,0.5968
1352,the bank job,2008,r,crime,roger donaldson,7.2,0.5963
1353,shes all that,1999,pg-13,romance,robert iscove,5.35,0.5963
1354,dora and the lost city of gold,2019,pg,fantasy,james bobin,6.875,0.5963
1355,venom,2018,pg-13,science fiction,ruben fleischer,4.975,0.5962
1356,petes dragon,2016,pg,fantasy,david lowery,7.25,0.596
1357,the broadway melody,1929,nr,music,harry beaumont,5.4,0.5956
1358,hustlers,2019,r,crime,lorene scafaria,7.375,0.5956
1359,wonder park,2019,pg,fantasy,dylan brown,5.1,0.5953
1360,trolls,2016,pg,fantasy,"mike mitchell, walt dohrn",6.525,0.5953
1361,hostel part ii,2007,r,horror,eli roth,5.075,0.595
1362,the spongebob movie sponge out of water,2015,pg,fantasy,"paul tibbitt, mike mitchell",6.574999999999999,0.5949
1363,charlottes web,2006,g,fantasy,gary winick,6.8,0.5949
1364,intolerable cruelty,2003,pg-13,romance,"joel coen, ethan coen",6.725,0.5946
1365,men in black,1997,pg-13,science fiction,barry sonnenfeld,7.675,0.5945
1366,saw ii,2005,r,horror,darren lynn bousman,5.25,0.5945
1367,the bad guys,2022,pg,crime,pierre perifel,7.4,0.5944
1368,the possession,2012,pg-13,horror,ole bornedal,5.075,0.5943
1369,baby driver,2017,r,action,edgar wright,8.2,0.5943
1370,detroit rock city,1999,r,music,adam rifkin,5.45,0.5938
1371,the imitation game,2014,pg-13,war,morten tyldum,8.025,0.5937
1372,star trek ii the wrath of khan,1982,pg,science fiction,nicholas meyer,7.625,0.5936
1373,district 9,2009,r,science fiction,neill blomkamp,8.1,0.5935
1374,pennies from heaven,1981,r,music,herbert ross,6.800000000000001,0.5933
1375,arachnophobia,1990,pg-13,horror,frank marshall,7.225,0.5933
1376,thank you for your service,2017,r,war,jason hall,6.9,0.5931
1377,tootsie,1982,pg,comedy,sydney pollack,8.125,0.5929
1378,the mask,1994,pg-13,fantasy,chuck russell,6.9,0.5928
1379,closer,2004,r,romance,mike nichols,6.8,0.5928
1380,insidious chapter 3,2015,pg-13,thriller,leigh whannell,5.8,0.5928
1381,whats love got to do with it,1993,r,music,brian gibson,7.924999999999999,0.5926
1382,13 going on 30,2004,pg-13,fantasy,gary winick,6.3,0.5924
1383,star trek iii the search for spock,1984,pg,science fiction,leonard nimoy,6.675,0.5922
1384,out of africa,1985,pg,romance,sydney pollack,6.875,0.5921
1385,wargames,1983,pg,thriller,john badham,7.824999999999999,0.5915
1386,kill bill vol 1,2003,r,crime,quentin tarantino,7.9,0.5912
1387,saw vi,2009,r,horror,kevin greutert,4.8,0.5911
1388,smallfoot,2018,pg,comedy,"karey kirkpatrick, jason reisig",6.75,0.5911
1389,casualties of war,1989,r,war,brian de palma,7.525,0.5907
1390,rocky iii,1982,pg,drama,sylvester stallone,6.475,0.5904
1391,the little prince,2015,pg,fantasy,mark osborne,7.85,0.59
1392,horrible bosses,2011,r,comedy,seth gordon,6.525,0.5898
1393,train to busan,2016,nr,horror,yeon sang-ho,8.049999999999999,0.5897
1394,rush hour,1998,pg-13,crime,brett ratner,6.575,0.5895
1395,the last of the mohicans,1992,r,war,michael mann,7.85,0.589
1396,hail caesar,2016,pg-13,mystery,"ethan coen, joel coen",7.0,0.5889
1397,the social network,2010,pg-13,drama,david fincher,8.575,0.5886
1398,the others,2001,pg-13,thriller,alejandro amenábar,7.75,0.5883
1399,school of rock,2003,pg-13,music,richard linklater,7.924999999999999,0.5882
1400,unstoppable,2010,pg-13,thriller,tony scott,7.25,0.5882
1401,1408,2007,pg-13,horror,mikael håfström,6.95,0.5881
1402,i love you man,2009,r,romance,john hamburg,7.199999999999999,0.5881
1403,lethal weapon,1987,r,thriller,richard donner,7.425,0.5879
1404,the crazies,2010,r,mystery,breck eisner,6.4,0.5879
1405,life is beautiful,1997,pg-13,comedy,roberto benigni,7.725,0.5877
1406,dunkirk,2017,pg-13,action,christopher nolan,8.475,0.5877
1407,the angry birds movie 2,2019,pg,fantasy,"thurop van orman, john rice",6.675,0.5873
1408,high fidelity,2000,r,music,stephen frears,7.875,0.5872
1409,jesus christ superstar,1973,g,music,norman jewison,6.475,0.5871
1410,beverly hills cop,1984,r,crime,martin brest,7.35,0.587
1411,hope springs,2012,pg-13,romance,david frankel,6.65,0.5869
1412,gone baby gone,2007,r,mystery,ben affleck,7.875,0.5867
1413,the princess and the frog,2009,g,fantasy,"ron clements, john musker",7.55,0.5865
1414,the spiderwick chronicles,2008,pg,fantasy,mark waters,6.85,0.5864
1415,treasure planet,2002,pg,science fiction,"ron clements, john musker",6.925,0.5862
1416,kung fu panda 2,2011,pg,comedy,jennifer yuh nelson,7.3,0.586
1417,rocky balboa,2006,pg,drama,sylvester stallone,7.025,0.586
1418,brave,2012,pg,comedy,"mark andrews, brenda chapman, steve purcell",7.2,0.5859
1419,american graffiti,1973,pg,drama,george lucas,8.4,0.5854
1420,rock dog,2016,pg,music,ash brannon,5.4,0.5853
1421,danny collins,2015,r,music,dan fogelman,6.825,0.5852
1422,o brother where art thou,2000,pg-13,crime,"joel coen, ethan coen",7.425,0.585
1423,insidious,2010,pg-13,horror,james wan,6.375,0.585
1424,oculus,2013,r,horror,mike flanagan,6.65,0.5849
1425,space jam,1996,pg,science fiction,joe pytka,5.9,0.5836
1426,waynes world 2,1993,pg-13,music,stephen surjik,6.1,0.5835
1427,the best years of our lives,1946,nr,war,william wyler,8.75,0.5834
1428,knock at the cabin,2023,r,mystery,m. night shyamalan,6.375,0.5831
1429,open season,2006,pg,comedy,"roger allers, jill culton, anthony stacchi",5.5,0.5829
1430,scary movie 3,2003,r,comedy,david zucker,5.0,0.5829
1431,the men who stare at goats,2009,r,war,grant heslov,5.675,0.5828
1432,scoop,2006,pg-13,mystery,woody allen,5.525,0.5824
1433,the prince of egypt,1998,pg,drama,"brenda chapman, steve hickner, simon wells",7.225,0.5823
1434,how to train your dragon,2010,pg,fantasy,"dean deblois, chris sanders",8.325,0.5819
1435,high society,1956,nr,music,charles walters,7.15,0.5818
1436,missing,2023,pg-13,mystery,"nicholas d. johnson, will merrick",7.5,0.5812
1437,blair witch,2016,r,horror,adam wingard,4.675,0.5811
1438,a monster calls,2016,pg-13,horror,j.a. bayona,7.725,0.5809
1439,puss in boots,2011,pg,comedy,chris miller,7.074999999999999,0.5808
1440,robots,2005,pg,comedy,"chris wedge, carlos saldanha",6.425000000000001,0.5805
1441,spy kids 3 d game over,2003,pg,science fiction,robert rodriguez,4.925,0.5802
1442,the gods must be crazy,1980,pg,comedy,jamie uys,7.625,0.5801
1443,tenacious d in the pick of destiny,2006,r,music,liam lynch,6.1,0.58
1444,field of dreams,1989,pg,fantasy,phil alden robinson,7.275,0.5793
1445,the hangover,2009,r,comedy,todd phillips,7.55,0.5784
1446,the mermaid,2016,r,romance,stephen chow,7.275,0.5782
1447,cocaine bear,2023,r,crime,elizabeth banks,5.975,0.5782
1448,the fabulous baker boys,1989,r,music,steve kloves,7.925,0.578
1449,trance,2013,r,mystery,danny boyle,6.6,0.5775
1450,rocky,1976,pg,drama,john g. avildsen,8.05,0.5775
1451,teenage mutant ninja turtles ii the secret of the ooze,1991,pg,science fiction,michael pressman,5.075,0.5773
1452,abominable,2019,pg,comedy,"jill culton, todd wilderman",7.225,0.5771
1453,the croods a new age,2020,pg,comedy,joel crawford,6.9,0.5771
1454,sully,2016,pg-13,drama,clint eastwood,7.625,0.577
1455,the big red one,1980,pg,war,samuel fuller,7.625,0.5765
1456,the woman in black,2012,pg-13,thriller,james watkins,6.325,0.5765
1457,ghostbusters,1984,pg,comedy,ivan reitman,7.975,0.5764
1458,romancing the stone,1984,pg,romance,robert zemeckis,7.15,0.5763
1459,police academy,1984,r,crime,hugh wilson,5.775,0.5757
1460,kung fu panda,2008,pg,action,"mark osborne, john stevenson",7.75,0.5756
1461,glory,1989,r,war,edward zwick,8.15,0.5755
1462,get shorty,1995,r,thriller,barry sonnenfeld,7.625,0.5753
1463,wall·e,2008,g,science fiction,andrew stanton,8.875,0.5753
1464,big,1988,pg,romance,penny marshall,7.9,0.575
1465,game night,2018,r,crime,"john francis daley, jonathan goldstein",7.225,0.5745
1466,jojo rabbit,2019,pg-13,war,taika waititi,7.425,0.5745
1467,the shape of water,2017,r,fantasy,guillermo del toro,8.1,0.5745
1468,the hunchback of notre dame,1996,g,drama,"gary trousdale, kirk wise",7.175,0.5745
1469,tupac resurrection,2003,r,music,lauren lazin,7.525,0.5736
1470,gremlins,1984,pg,horror,joe dante,7.5,0.5732
1471,dawn of the dead,2004,r,horror,zack snyder,6.975,0.5731
1472,the bridge on the river kwai,1957,pg,war,david lean,8.549999999999999,0.573
1473,the boxtrolls,2014,pg,fantasy,"graham annable, anthony stacchi",6.85,0.5721
1474,galaxy quest,1999,pg,science fiction,dean parisot,7.625,0.5719
1475,teenage mutant ninja turtles mutant mayhem,2023,pg,science fiction,"jeff rowe, kyler spears",7.825,0.5717
1476,the addams family,2019,pg,fantasy,"greg tiernan, conrad vernon",5.4,0.5716
1477,trolls world tour,2020,pg,music,"walt dohrn, david p. smith",6.425,0.5715
1478,mad max fury road,2015,r,action,george miller,8.6,0.5714
1479,inside out,2015,pg,comedy,"pete docter, ronnie del carmen",8.8,0.5713
1480,bean,1997,pg-13,comedy,mel smith,5.625,0.5712
1481,bridget joness diary,2001,r,drama,sharon maguire,7.025,0.5712
1482,the muppets,2011,pg,music,james bobin,7.7,0.5708
1483,warm bodies,2013,pg-13,romance,jonathan levine,6.85,0.5708
1484,ben hur,1959,g,drama,william wyler,8.425,0.5708
1485,bride of chucky,1998,r,horror,ronny yu,5.25,0.5707
1486,the call,2013,r,crime,brad anderson,5.775,0.5707
1487,no country for old men,2007,r,thriller,"ethan coen, joel coen",8.65,0.5707
1488,witness,1985,r,crime,peter weir,7.85,0.5707
1489,cavalcade,1933,nr,war,frank lloyd,6.25,0.5706
1490,monster,2003,r,crime,patty jenkins,7.5,0.5705
1491,mr beans holiday,2007,g,comedy,steve bendelack,5.875,0.5702
1492,wind river,2017,r,mystery,taylor sheridan,7.775,0.5702
1493,the buddy holly story,1978,pg,music,steve rash,8.05,0.5701
1494,police academy 3 back in training,1986,pg,crime,jerry paris,4.525,0.5698
1495,crocodile dundee,1986,pg-13,comedy,peter faiman,7.025,0.5691
1496,gallipoli,1981,pg,war,peter weir,7.525,0.5689
1497,the gift,2015,r,mystery,joel edgerton,7.625,0.5679
1498,nanny mcphee,2005,pg,fantasy,kirk jones,6.65,0.5678
1499,muppet treasure island,1996,g,music,brian henson,6.75,0.5675
1500,lucy,2014,r,action,luc besson,6.425,0.567
1501,a prairie home companion,2006,pg-13,music,robert altman,7.15,0.5667
